,Priority 1-6 (low - high),Status (messklar/on hold),Messort,Art,Hersteller,WEA-Typ,Projektnumber  (link to PowerBI PM Dashboard),Projectname,DNV PM,Auftragsdatum,Kunde,"Ansprechpartner Kunde (E-Mail, phone)",WEA X von Y,Ser.-Nr.,WP-Nr.:,Hubheight,Rotordiameter,HB,LK,BImschG,Modi Liste,Beschwerdelage ja/nein Bemerkungen,min. Wind speed needed,max. Wind speed needed,bevorz.  WR (falls bekannt),Landowner of  Turbine or Measurment area,Owner of neighbour turbines which have to be shut down,Gridoperator EisMan,sonst. Bemerkungen,Messung 1 Datum/ MA,Messung 2 Datum/ MA,Messung 3 Datum/ MA.1,Stand x = close,Link project folder Acoustics,Breitengrad,Längengrad,L2C/ Salesforce (Link),day,wind_speed,wind_speed_100m,wind_direction,WD,green WS
8,,Nicht genug Infos,Hemme,SEN,ENERCON,E-70,10161597.0,SEN WP Hemme (182757),ANNJO,2019-06-25 00:00:00,ENERCON GmbH,Paul Radons,WEA 1 von 2,784125,,,,Nein,Nein,Nein,,,5.0,15.0,W,,,,,,,,Approved,file:///A:\___Projekte\10161597_2019 E_70 SEN Hemme ENERCON (Paul Radons) ,54.269514,8.953031,182757.0,2023-06-24,3.75,5.63,246.19918848015465,SW,0.0
9,,,Hemme,SEN,ENERCON,E-70,10161597.0,SEN WP Hemme (182757),ANNJO,2019-06-25 00:00:00,ENERCON GmbH,Paul Radons,WEA 2 von 2,784301,Anlage301,64.0,71.0,Ja,Ja,Ja,,,5.0,15.0,W,,,,,2019-12-05 00:00:00,,,Approved,file:///A:\___Projekte\10161597_2019 E_70 SEN Hemme ENERCON (Paul Radons) ,54.26501,8.95316,182757.0,2023-06-24,3.75,5.63,246.19918848015465,SW,0.0
10,,,WP Strübbel,SEN,Enercon,E-70,10169748.0,SEN E70 Strübbel (183228),ANNJO,2019-09-05 00:00:00,Hornskrug GmbH & Co. KG,Willi Paulsen,WEA 1 von 1,784302,Anlage302,64.0,71.0,Unbekannt,Unbekannt,Unbekannt,,,6.0,16.0,W,,,,,,,,Approved,file:///A:\___Projekte\10169748_2019 E_70 SEN WP Strübbel Hornskrug GmbH und Co KG (Willi Paulsen) ,54.265506,8.958083,183228.0,2023-06-24,3.75,5.63,246.19918848015465,SW,0.0
11,,Nicht genug Infos,Wieringerwierf NL,SET,Enercon,E-160 EP5 E1,10175590.0,SET E-160 Wieringerw (191528),JOPRZ,2019-11-08 00:00:00,ENERCON GmbH,Steve Schröder,WEA 1 von 1,,,,,Unbekannt,Unbekannt,Unbekannt,,,5.0,15.0,W,,,,,,,,Approved,file:///A:\___Projekte\10175590_2019 E_160 EP5 E1 SET Wieringerwierf NL Enercon GmbH (Steve Schröder) ,52.818063,5.071106,191528.0,2023-06-24,3.6,5.4,224.9402035347993,SW,0.0
14,,,Dieksanderkoog,SEN,Enercon,E-70 E4,10205374.0,SEN E-70 Dieksanderkoog 783989 (197371),ANNJO,2020-03-16 00:00:00,ENERCON GmbH,Paul Radons,WEA 1 von 1,783989,WEA 5,85.0,71.0,Unbekannt,Unbekannt,Unbekannt,,,7.0,17.0,W,,,,,,,,Approved,file:///A:\___Projekte\10205374_2020 E_70 E4 SEN Dieksanderkoog Enercon GmbH (Paul Radons) ,53.959137,8.927004,197371.0,2023-06-24,3.11,4.67,251.3344693251954,W,0.0
15,,,Dieksanderkoog,SEN,Enercon,E-70 E4,10205384.0,SEN E70 E4 Dieksanderkoog 783990 (197369),ANNJO,2020-03-16 00:00:00,ENERCON GmbH,Paul Radons,WEA 1 von 1,783990,WEA 6,85.0,71.0,Unbekannt,Unbekannt,Unbekannt,,,7.0,17.0,W,,,,,,,,Approved,file:///A:\___Projekte\10205384_2020 E_70 E4 SEN Dieksanderkoog Enercon GmbH (Paul Radons) ,53.957307,8.927839,197369.0,2023-06-24,3.11,4.67,251.3344693251954,W,0.0
16,,Nicht genug Infos,Wittenhof,SIM,Vestas,V126,10206151.0,SIM Wittenhof ENER (194152),ULFKOC,2020-03-23 00:00:00,ENERTRAG SE,Jonas Armbröster,WEA 1 von 1,,,,,Unbekannt,Unbekannt,Ja,,,6.0,16.0,W,,,,"I_Messungen notwendig wegen hoher Vorbelastung, Telefonat mit T22 geführt",,,,Approved,file:///A:\___Projekte\10206151_2020 V126 SIM Wittenhof ENERTRAG Jonas Armröster (Jonas Armbröster) ,53.340331,13.898623,194152.0,2023-06-24,3.41,5.11,299.83338852067845,NW,0.0
18,,,_Suederhackstedt_Ersatzstandort fuer Janneby,SET,Enercon,E-138 EP3 E2,10212487.0,SET E137 EP3 E2 Janneby (200062),RICFRE,2020-05-07 00:00:00,ENERCON GmbH,Fabian Martens, ,1380456,WEA 1,111.0,138.0,,,,,,6.0,16.0,W,,,,,2022-01-20 00:00:00,2022-05-13 00:00:00,2022-06-23 00:00:00,Approved,,54.58004,9.27255,200062.0,2023-06-24,3.22,4.83,250.383927622022,W,0.0
19,,,Hermannsort,SET,Enercon,E-138 EP3 E2,10212487.0,SET E137 EP3 E2 Janneby (200062),RICFRE,2020-05-07 00:00:00,ENERCON GmbH,Fabian Martens, ,1380722,WEA 6,81.0,138.0,Ja,Ja,Unbekannt,,,7.0,17.0,W,,,,,2022-02-22 00:00:00,2022-02-25 00:00:00,,Approved,,54.532846,9.44244,200062.0,2023-06-24,3.09,4.63,261.0020465544768,W,0.0
20,,,Hermannsort,SET,Enercon,E-138 EP3 E2,10212487.0,SET E137 EP3 E2 Janneby (200062),RICFRE,2020-05-07 00:00:00,ENERCON GmbH,Fabian Martens, ,1380725,WEA 4,110.8,138.0,Ja,Ja,Unbekannt,,,7.0,17.0,W,,,,,2022-07-16 00:00:00,,,Approved,,54.535142,9.44605,200062.0,2023-06-24,3.09,4.63,261.0020465544768,W,0.0
21,,Diese Info ist Korrekt,Janneby,SET,Enercon,E138 EP3 E2,10212487.0,SET E137 EP3 E2 Janneby (200062),RICFRE,2020-05-07 00:00:00,ENERCON GmbH,Fabian Martens,WEA 1 von 2,1380324,WEA 02b,110.8,138.25,Ja,Ja,Unbekannt,,,4.0,14.0,W,,,,,6/11-15/2020,2020-06-30 00:00:00,7/11/2020 & 10/27/2020 & 12/2/2020 & 9/22/2021 & 10/1/2021,Approved,file:///A:\___Projekte\10212487_2020 E138 EP3 E2 SET Janneby Enercon GmbH (Fabian Martens) ,54.647196,9.314711,200062.0,2023-06-24,3.22,4.83,250.383927622022,W,0.0
22,,,Janneby,SET,Enercon,E-115,10212487.0,SET E137 EP3 E2 Janneby (200062),RICFRE,2020-05-07 00:00:00,ENERCON GmbH,Fabian Martens,WEA 2 von 2,1160001,WEA 02c,132.77,115.71,,,,,,5.0,15.0,W,,,,,2022-03-10 00:00:00,,,Approved,,54.643545,9.319456,200062.0,2023-06-24,3.22,4.83,250.383927622022,W,0.0
23,,,WP Himmelreich,SEN,Enercon,E-115 EP 3,10244887.0,SEN Himmelreich (201223),ANNJO,2020-05-26 00:00:00,Windpark Himmelreich GmbH & Co. KG,Jan Heckens,WEA 1 von 3,1160006,WEA 1 Nordwest,92.0,116.0,Ja,Ja,Ja,,,6.0,16.0,"W, SW",,,,,2023-03-03 00:00:00,,,Approved,file:///A:\___Projekte\10244887_2020 E_115 EP 3 SEN WP Himmelreich WES Ibs (Jan Heckens) ,54.009047,9.089936,201223.0,2023-06-24,3.24,4.86,253.10788694169668,W,0.0
24,,,WP Himmelreich,SEN,Enercon,E-115 EP 3,10244887.0,SEN Himmelreich (201223),ANNJO,2020-05-26 00:00:00,Windpark Himmelreich GmbH & Co. KG,Jan Heckens,WEA 2 von 3,1160007,WEA 2 Nordost,92.0,116.0,Unbekannt,Unbekannt,Unbekannt,,,6.0,16.0,"W, SW",,,,,,,,Approved,file:///A:\___Projekte\10244887_2020 E_115 EP 3 SEN WP Himmelreich WES Ibs (Jan Heckens) ,54.008342,9.095275,201223.0,2023-06-24,3.24,4.86,253.10788694169668,W,0.0
25,,,WP Himmelreich,SEN,Enercon,E-115 EP 3,10244887.0,SEN Himmelreich (201223),ANNJO,2020-05-26 00:00:00,Windpark Himmelreich GmbH & Co. KG,Jan Heckens,WEA 3 von 3,1160008,WEA 3 Süd,92.0,116.0,Ja,Unbekannt,Unbekannt,,,6.0,16.0,W,,,,,2022-01-19 00:00:00,,,Approved,file:///A:\___Projekte\10244887_2020 E_115 EP 3 SEN WP Himmelreich WES Ibs (Jan Heckens) ,54.00597,9.09129,201223.0,2023-06-24,3.24,4.86,253.10788694169668,W,0.0
38,,,WP KWK,SEN,Enercon,E70 E4,10284617.0,SEN E70 E4 783823 (212170),ANNJO,2021-02-11 00:00:00,ENERCON GmbH,Alexander Winter,WEA 1 von 1,783823,WEA1,64.0,71.0,Unbekannt,ja,Ja,,,5.0,15.0,W,,,,,,,,Approved,file:///A:\___Projekte\10284617_2021 E70 E4 SEN WP KWK Enercon GmbH (Alexander Winter) ,53.95114,8.913023,212170.0,2023-06-24,3.11,4.67,251.3344693251954,W,0.0
46,,Informationen sind nicht vollständig.,Mönchhof Linkamp AT,SEN SIM,GE,3.6,10289754.0,SEN GE Gols Mönchhof (210822),ARNJEN,2021-03-29 00:00:00,GE Renewable Austria GmbH,Philip Wichterich,WEA 1 von 8,55206472,GM21,,,Unbekannt,Unbekannt,Unbekannt,,,6.0,16.0,W,,,,,,,,Approved,file:///A:\___Projekte\10289754_2021 36 SEN SIM Mönchhof Linkamp AT GE (Philip Wichterich) ,47.917124,16.944878,210822.0,2023-06-24,5.19,7.78,306.0733361656944,NW,0.0
47,,,Mönchhof Linkamp AT,SEN SIM,GE,3.6,10289754.0,SEN GE Gols Mönchhof (210822),ARNJEN,2021-03-29 00:00:00,GE Renewable Austria GmbH,Philip Wichterich,WEA 2 von 8,55206473,GM22,,,Unbekannt,Unbekannt,Unbekannt,,,6.0,16.0,W,,,,,,,,Approved,file:///A:\___Projekte\10289754_2021 36 SEN SIM Mönchhof Linkamp AT GE (Philip Wichterich) ,47.91328,16.951838,210822.0,2023-06-24,5.19,7.78,306.0733361656944,NW,0.0
48,,,Mönchhof Linkamp AT,SEN SIM,GE,3.6,10289754.0,SEN GE Gols Mönchhof (210822),ARNJEN,2021-03-29 00:00:00,GE Renewable Austria GmbH,Philip Wichterich,WEA 3 von 8,55206453,GM23,,,Unbekannt,Unbekannt,Unbekannt,,,6.0,16.0,W,,,,,,,,Approved,file:///A:\___Projekte\10289754_2021 36 SEN SIM Mönchhof Linkamp AT GE (Philip Wichterich) ,47.918421,16.935281,210822.0,2023-06-24,5.19,7.78,306.0733361656944,NW,0.0
49,,,Mönchhof Linkamp AT,SEN SIM,GE,3.6,10289754.0,SEN GE Gols Mönchhof (210822),ARNJEN,2021-03-29 00:00:00,GE Renewable Austria GmbH,Philip Wichterich,WEA 4 von 8,55206454,GM24,,,Unbekannt,Unbekannt,Unbekannt,,,6.0,16.0,W,,,,,,,,Approved,file:///A:\___Projekte\10289754_2021 36 SEN SIM Mönchhof Linkamp AT GE (Philip Wichterich) ,47.914331,16.941007,210822.0,2023-06-24,5.19,7.78,306.0733361656944,NW,0.0
50,,,Mönchhof Linkamp AT,SEN SIM,GE,3.6,10289754.0,SEN GE Gols Mönchhof (210822),ARNJEN,2021-03-29 00:00:00,GE Renewable Austria GmbH,Philip Wichterich,WEA 5 von 8,55206455,GM25,,,Unbekannt,Unbekannt,Unbekannt,,,6.0,16.0,W,,,,,,,,Approved,file:///A:\___Projekte\10289754_2021 36 SEN SIM Mönchhof Linkamp AT GE (Philip Wichterich) ,47.912342,16.946148,210822.0,2023-06-24,5.19,7.78,306.0733361656944,NW,0.0
51,,,Mönchhof Linkamp AT,SEN SIM,GE,3.6,10289754.0,SEN GE Gols Mönchhof (210822),ARNJEN,2021-03-29 00:00:00,GE Renewable Austria GmbH,Philip Wichterich,WEA 6 von 8,,GM26,,,Unbekannt,Unbekannt,Unbekannt,,,6.0,16.0,W,,,,,,,,Approved,file:///A:\___Projekte\10289754_2021 36 SEN SIM Mönchhof Linkamp AT GE (Philip Wichterich) ,47.9084,16.95083,210822.0,2023-06-24,5.19,7.78,306.0733361656944,NW,0.0
52,,,Mönchhof Linkamp AT,SEN SIM,GE,3.6,10289754.0,SEN GE Gols Mönchhof (210822),ARNJEN,2021-03-29 00:00:00,GE Renewable Austria GmbH,Philip Wichterich,WEA 7 von 8,55206448,,,,Unbekannt,Unbekannt,Unbekannt,,,6.0,16.0,W,,,,,,,,Approved,file:///A:\___Projekte\10289754_2021 36 SEN SIM Mönchhof Linkamp AT GE (Philip Wichterich) ,47.905281,16.955734,210822.0,2023-06-24,5.19,7.78,306.0733361656944,NW,0.0
54,,,WP Bütteler Balje,SEN SON,Enercon,E82,10290963.0,SEN SON WTS Serration (213558),ULFKOC,2021-04-06 00:00:00,WTS Wind-Tuning-Systems GmbH,Klaus Röhm,WEA 1 von 1,E826119,WEA 5,84.5,82.0,Unbekannt,Unbekannt,Unbekannt,,,6.0,16.0,W,,,,,2022-02-25 00:00:00,2022-06-07 00:00:00,2022-09-13 00:00:00,Approved,file:///A:\___Projekte\10290963_2021 E82 SEN SON WP Bütteler Balje WTS (Klaus Röhm) ,54.150199,8.954711,213558.0,2023-06-24,4.63,6.95,263.68461079628395,W,0.0
55,,,Olderup,SEN,Vestas,V117,10303356.0,SEN V117 Olderup II (217426),RICFRE,2021-07-08 00:00:00,Windpark II Olderup GmbH & Co. KG,Karina Ingwersen,WEA 1 von 1,218962,,91.5,117.0,Unbekannt,Ja,Ja,,,5.0,15.0,W,,,,,2023-02-10 00:00:00,,,Approved,file:///A:\___Projekte\10303356_2021 V117 SEN Olderup Windpark II Olderup GmbH und Co KG (Karina Ingwersen) ,54.527175,9.093228,217426.0,2023-06-24,3.13,4.7,258.1234505712612,W,0.0
58,,,Reußenköge,SET,Vestas,V112,10307415.0,SET V210165 Reußenk (220242),ULMR,2021-08-24 00:00:00,Vestas Deutschland GmbH,Helge Schnehle,WEA 1 von 1,V210165,,94.0,112.0,Unbekannt,Unbekannt,Unbekannt,,,6.0,16.0,W,,,,,2021-07-30 00:00:00,,,Approved,file:///A:\___Projekte\10307415_2021 V112 SET Reußenköge Vestas (Helge Schnehle) ,54.619877,8.89624,220242.0,2023-06-24,3.35,5.02,246.84567491923843,SW,0.0
59,,,KWK,SEN,Enercon,E115,10307971.0,SEN E115 KW-Koog (210762),ULFKOC,2021-08-27 00:00:00,et marschland GmbH & CO. KG,Jan Heckens,WEA 1 von 1,E1160069,,92.0,115.71,Unbekannt,Ja,Ja,,,6.0,16.0,W,,,,,,,,Approved,file:///A:\___Projekte\10307971_2021 E115 SEN KWK WES Ibs (Jan Heckens) ,53.951897,8.929493,210762.0,2023-06-24,3.11,4.67,251.3344693251954,W,0.0
60,,,Miltzow,SEN,Vestas,V90,10308233.0,SEN Miltzow 205788 (220469),JOPRZ,2021-08-23 00:00:00,Vestas Deutschland GmbH,Helge Schnehle,WEA 1 von 1,V205788,WEA 01,105.0,90.0,Ja,Ja,Unbekannt,,,6.0,16.0,W,,,,,2022-01-05 00:00:00,7/13-14/2022,3/3+4/2023,Approved,file:///A:\___Projekte\10308233_2021 V90 SEN Miltzow Vestas D (Helge Schnehle) ,54.195926,13.164507,220469.0,2023-06-24,3.52,5.27,281.6631231155956,W,0.0
61,,,WP Neuenkirchen,SEN,Enercon,E115,10308234.0,SEN WP Neuenkirchen (201557),ULMR,2021-09-01 00:00:00,WES IBS Betriebsführungs- und Verwaltungs GmbH,Jan Heckens,WEA 1 von 1,E1160084,,122.0,116.0,Ja,Ja,Ja,,,6.0,16.0,W,,,,,1/5/2023 nur bis 10 ms,2023-03-23 00:00:00,,Approved,file:///A:\___Projekte\10308234_2021 E115 SEN WP Neuenkirchen WES Ibs (Jan Heckens) ,54.252919,8.956609,201557.0,2023-06-24,3.75,5.63,246.19918848015465,SW,0.0
62,,,Dagebüll,SEN,Vestas,V112,10309140.0,SEN V235642 Dagebüll (220914),RICFRE,2021-09-09 00:00:00,Vestas Deutschland GmbH,Helge Schnehle,WEA 1 von 1,V235642,WEA 9,112.0,136.0,Unbekannt,Unbekannt,Unbekannt,,,6.0,16.0,W,,,,,2021-09-16 00:00:00,2021-12-08 00:00:00,,Approved,file:///A:\___Projekte\10309140_2021 V112 SEN Dagebüll Vestas D (Helge Schnehle) ,54.72787,8.751881,220914.0,2023-06-24,3.0,4.5,235.84781273441007,SW,0.0
68,,,WP Holstentor,SEN,Nordex,N149,10326380.0,SEN WP Holstentor (221970),ULFKOC,2021-12-02 00:00:00,Pavana GmbH,Lars Levermann,WEA 1 von 3,89347,WEA 01 ,125.4,149.1,Ja,Ja,Ja,,,5.0,15.0,W,,,,,2022-11-07 00:00:00,,,Approved,file:///A:\___Projekte\10326380_2021 N149 SEN WP Holstentor Pavana GmbH (Lars Levermann) ,54.149017,9.442548,221970.0,2023-06-24,3.37,5.05,256.2222871476352,W,0.0
69,,,WP Holstentor,SEN,Nordex,N149,10326380.0,SEN WP Holstentor (221970),ULFKOC,2021-12-02 00:00:00,Pavana GmbH,Lars Levermann,WEA 2 von 3,89346,WEA 02 ,125.4,149.1,Ja,Ja,Ja,,,5.0,15.0,W,,,,,2022-02-14 00:00:00,2022-11-07 00:00:00,,Approved,file:///A:\___Projekte\10326380_2021 N149 SEN WP Holstentor Pavana GmbH (Lars Levermann) ,54.146072,9.439194,221970.0,2023-06-24,3.37,5.05,256.2222871476352,W,0.0
70,,,WP Holstentor,SEN,Nordex,N149,10326380.0,SEN WP Holstentor (221970),ULFKOC,2021-12-02 00:00:00,Pavana GmbH,Lars Levermann,WEA 3 von 3,89345,WEA 03,125.4,149.1,Ja,Ja,Ja,,,5.0,15.0,W,,,,,2022-02-14 00:00:00,,,Approved,file:///A:\___Projekte\10326380_2021 N149 SEN WP Holstentor Pavana GmbH (Lars Levermann) ,54.143737,9.433597,221970.0,2023-06-24,3.37,5.05,256.2222871476352,W,0.0
71,,,WP Veer Dörper,SEN,Enercon,E70,10327765.0,SEN Veer Dörper E70 (223725),ULMR,2021-12-13 00:00:00,Bürgerwindpark Veer Dörper GmbH & Co. KG,Mike Wolf,WEA 1 von 2,784328,WEA07,64.0,71.0,Unbekannt,Unbekannt,Ja,,,5.0,15.0,W,,,,,2022-02-15 00:00:00,,,Approved,file:///A:\___Projekte\10327765_2021 E70 SEN WP Veer Dörper WEB Andresen (Mike Wolf) ,54.655621,9.166116,223725.0,2023-06-24,3.37,5.05,247.92326415538534,W,0.0
72,,,WP Veer Dörper,SEN,Enercon,E70,10327765.0,SEN Veer Dörper E70 (223725),ULMR,2021-12-13 00:00:00,Bürgerwindpark Veer Dörper GmbH & Co. KG,Mike Wolf,WEA 2 von 2,784329,WEA09,64.0,71.0,Unbekannt,Unbekannt,Ja,,,5.0,15.0,W,,,,,2022-02-15 00:00:00,,,Approved,file:///A:\___Projekte\10327765_2021 E70 SEN WP Veer Dörper WEB Andresen (Mike Wolf) ,54.655103,9.169989,223725.0,2023-06-24,3.37,5.05,247.92326415538534,W,0.0
78,,,WP Bollingstedt,SEN,Vestas,V150,10328127.0,SEN WP Bollingstedt (224865),RICFRE,2021-12-14 00:00:00,Vestas Wind Systems A/S,NCN,WEA 1 von 3,V237986,NW01,125.0,150.0,Unbekannt,Ja,Ja,,,5.0,15.0,E,,,,,2021-12-18 00:00:00,2022-01-05 00:00:00,2/23/2022 & 3/11/2022 & 4/5/2022 & 7/7/2022 & 7/14/2022 &11/18/2022,Approved,file:///A:\___Projekte\10328127_2021 V150 SEN WP Bollingstedt Vestas DK (NCN) ,54.61938,9.41527,224865.0,2023-06-24,5.19,7.78,263.20782103337365,W,0.5
79,,,WP Bollingstedt,SEN,Vestas,V150,10328127.0,SEN WP Bollingstedt (224865),RICFRE,2021-12-14 00:00:00,Vestas Wind Systems A/S,NCN,WEA 2 von 3,V237987,C01,125.0,150.0,Unbekannt,Ja,Ja,,,5.0,15.0,E,,,,,2022-01-17 00:00:00,2022-02-05 00:00:00,2/8/2022 & 2/9/2022 & 3/17/2022 & 9/13/2022 & 3/7/2023,Approved,file:///A:\___Projekte\10328127_2021 V150 SEN WP Bollingstedt Vestas DK (NCN) ,54.612765,9.419857,224865.0,2023-06-24,5.19,7.78,263.20782103337365,W,0.5
80,,,WP Bollingstedt,SEN,Vestas,V150,10328127.0,SEN WP Bollingstedt (224865),RICFRE,2021-12-14 00:00:00,Vestas Wind Systems A/S,NCN,WEA 3 von 3,V237988,C04,125.0,150.0,Unbekannt,Unbekannt,Unbekannt,,,5.0,15.0,E,,,,,2022-01-20 00:00:00,2022-05-12 00:00:00,9/3/2022 & 10/19-20/2022 & 1/10/2023 & &2/21/2023 & 3/16/2023,Approved,file:///A:\___Projekte\10328127_2021 V150 SEN WP Bollingstedt Vestas DK (NCN) ,54.613067,9.426803,224865.0,2023-06-24,5.19,7.78,263.20782103337365,W,0.5
81,,,WP Hermannsort,SEN,Enercon,E138,10328264.0,SEN E138 Hermannsort (224392),RICFRE,2021-12-16 00:00:00,Hermannsort Wind UG (haftungsbeschränkt) & Co. KG,Jann Carstens,WEA 1 von 4,1380723,WEA 3,110.8,,Ja,Ja,Ja,,,5.0,15.0,E,,,,,2022-02-21 00:00:00,,,Approved,file:///A:\___Projekte\10328264_2021 E138 SEN WP Hermannsort nttb (Jann Carstens) ,54.53684,9.44137,224392.0,2023-06-24,3.09,4.63,261.0020465544768,W,0.0
82,,,WP Hermannsort,SEN,Enercon,E138,10328264.0,SEN E138 Hermannsort (224392),RICFRE,2021-12-16 00:00:00,Hermannsort Wind UG (haftungsbeschränkt) & Co. KG,Jann Carstens,WEA 2 von 4,1380725,WEA 4,110.8,138.0,Unbekannt,Unbekannt,Ja,,,5.0,15.0,E,,,,,2022-07-13 00:00:00,2023-04-25 00:00:00,,Approved,file:///A:\___Projekte\10328264_2021 E138 SEN WP Hermannsort nttb (Jann Carstens) ,54.535124,9.446034,224392.0,2023-06-24,3.09,4.63,261.0020465544768,W,0.0
83,,,WP Hermannsort,SEN,Enercon,E138,10328264.0,SEN E138 Hermannsort (224392),RICFRE,2021-12-16 00:00:00,Hermannsort Wind UG (haftungsbeschränkt) & Co. KG,Jann Carstens,WEA 3 von 4,1380724,WEA 5,80.8,138.0,Unbekannt,Unbekannt,Ja,,,5.0,15.0,E,,,,,2022-07-13 00:00:00,2023-04-25 00:00:00,,Approved,file:///A:\___Projekte\10328264_2021 E138 SEN WP Hermannsort nttb (Jann Carstens) ,54.533097,9.44986,224392.0,2023-06-24,3.09,4.63,261.0020465544768,W,0.0
84,,,WP Hermannsort,SEN,Enercon,E138,10328264.0,SEN E138 Hermannsort (224392),RICFRE,2021-12-16 00:00:00,Hermannsort Wind UG (haftungsbeschränkt) & Co. KG,Jann Carstens,WEA 4 von 4,1380722,WEA 6,80.8,138.0,Ja,Ja,Ja,,,5.0,15.0,E,,,,,2022-05-21 00:00:00,,,Approved,file:///A:\___Projekte\10328264_2021 E138 SEN WP Hermannsort nttb (Jann Carstens) ,54.532792,9.442393,224392.0,2023-06-24,3.09,4.63,261.0020465544768,W,0.0
85,,,Obere Arlau II,SEN,Vestas,V150,10330675.0,SEN Obere Arlau II (224904),ULMR,2022-01-04 00:00:00,Bürgerwindpark Obere Arlau II Planungs-GmbH & Co. KG,Florian Steinmetz,WEA 1 von 1,,WEA 1,125.0,150.0,Unbekannt,Unbekannt,Ja,,,5.0,15.0,E,,,,,,,,Approved,file:///A:\___Projekte\10330675_2022 V150 SEN Obere Arlau II Cimbergy (Florian Steinmetz) ,54.609277,9.157969,224904.0,2023-06-24,3.13,4.7,258.1234505712612,W,0.0
95,,,Kattrepel II,SEN,ENERCON,E-115 EP3 E3,10338496.0,SEN Kattrepel II (221253),RICFRE,2022-02-03 00:00:00,Denker & Wulf AG,Steffen Lehnert,WEA 1 von 4,,WEA 09,149.0,115.71,Unbekannt,Unbekannt,Ja,,,5.0,15.0,E,,,,,,,,Approved,file:///A:\___Projekte\10338496_2022  SEN Kattrepel II DenkerundWulf (Steffen Lehnert) ,53.923786,9.063454,221253.0,2023-06-24,3.24,4.86,253.10788694169668,W,0.0
96,,,Kattrepel II,SEN,ENERCON,E-115 EP3 E3,10338496.0,SEN Kattrepel II (221253),RICFRE,2022-02-03 00:00:00,Denker & Wulf AG,Steffen Lehnert,WEA 2 von 4,,WEA 10,149.0,115.71,Unbekannt,Unbekannt,Ja,,,5.0,15.0,E,,,,,,,,Approved,file:///A:\___Projekte\10338496_2022  SEN Kattrepel II DenkerundWulf (Steffen Lehnert) ,53.92177,9.069588,221253.0,2023-06-24,3.24,4.86,253.10788694169668,W,0.0
97,,,Kattrepel II,SEN,ENERCON,E-115 EP3 E3,10338496.0,SEN Kattrepel II (221253),RICFRE,2022-02-03 00:00:00,Denker & Wulf AG,Steffen Lehnert,WEA 3 von 4,,WEA 11,149.0,115.71,Unbekannt,Unbekannt,Ja,,,5.0,15.0,E,,,,,,,,Approved,file:///A:\___Projekte\10338496_2022  SEN Kattrepel II DenkerundWulf (Steffen Lehnert) ,53.921188,9.064943,221253.0,2023-06-24,3.24,4.86,253.10788694169668,W,0.0
98,,,Kattrepel II,SEN,ENERCON,E-115 EP3 E3,10338496.0,SEN Kattrepel II (221253),RICFRE,2022-02-03 00:00:00,Denker & Wulf AG,Steffen Lehnert,WEA 4 von 4,1160028,WEA 12,135.01,115.71,Unbekannt,Unbekannt,Ja,,,5.0,15.0,E,,,,,,,,Approved,file:///A:\___Projekte\10338496_2022  SEN Kattrepel II DenkerundWulf (Steffen Lehnert) ,53.918619,9.061833,221253.0,2023-06-24,3.24,4.86,253.10788694169668,W,0.0
100,,,Dagebüll,SEN,Vestas,V136,10340001.0,SEM V136 Dagebüll (228467),ULMR,2022-02-17 00:00:00,Greendyke Energy Dagebüll GmbH & Co. KG,Stefan Petschull,WEA 1 von 6,V235639,WEA 06,112.0,136.0,Unbekannt,Unbekannt,Unbekannt,,,5.0,15.0,E,,,,,2023-03-17 00:00:00,,,Approved,file:///A:\___Projekte\10340001_2022 V136 SEN Dagebüll GeBePro (Stefan Petschull) ,54.733178,8.755157,228467.0,2023-06-24,3.0,4.5,235.84781273441007,SW,0.0
101,,,Dagebüll,SEN,Vestas,V136,10340001.0,SEM V136 Dagebüll (228467),ULMR,2022-02-17 00:00:00,Greendyke Energy Dagebüll GmbH & Co. KG,Stefan Petschull,WEA 2 von 6,V235640,WEA 07,112.0,136.0,Unbekannt,Unbekannt,Unbekannt,,,5.0,15.0,E,,,,,2023-02-02 00:00:00,,,Approved,file:///A:\___Projekte\10340001_2022 V136 SEN Dagebüll GeBePro (Stefan Petschull) ,54.73003,8.758064,228467.0,2023-06-24,3.0,4.5,235.84781273441007,SW,0.0
102,,,Dagebüll,SEN,Vestas,V136,10340001.0,SEM V136 Dagebüll (228467),ULMR,2022-02-17 00:00:00,Greendyke Energy Dagebüll GmbH & Co. KG,Stefan Petschull,WEA 3 von 6,V235641,WEA 08,112.0,136.0,Unbekannt,Unbekannt,Ja,,,5.0,15.0,E,,,,,2023-02-02 00:00:00,,,Approved,file:///A:\___Projekte\10340001_2022 V136 SEN Dagebüll GeBePro (Stefan Petschull) ,54.72719,8.757662,228467.0,2023-06-24,3.0,4.5,235.84781273441007,SW,0.0
103,,,Dagebüll,SEN,Vestas,V136,10340001.0,SEM V136 Dagebüll (228467),ULMR,2022-02-17 00:00:00,Greendyke Energy Dagebüll GmbH & Co. KG,Stefan Petschull,WEA 4 von 6,V235643,WEA 10,112.0,136.0,Unbekannt,Unbekannt,Ja,,,5.0,15.0,E,,,,,2023-03-17 00:00:00,,,Approved,file:///A:\___Projekte\10340001_2022 V136 SEN Dagebüll GeBePro (Stefan Petschull) ,54.731204,8.751644,228467.0,2023-06-24,3.0,4.5,235.84781273441007,SW,0.0
104,,,Dagebüll,SEN,Vestas,V136,10340001.0,SEM V136 Dagebüll (228467),ULMR,2022-02-17 00:00:00,Greendyke Energy Dagebüll GmbH & Co. KG,Stefan Petschull,WEA 5 von 6,V240906,WEA 11,82.0,136.0,Unbekannt,Ja,Ja,,,5.0,15.0,E,,,,,2022-11-18 00:00:00,2023-01-29 00:00:00,,Approved,file:///A:\___Projekte\10340001_2022 V136 SEN Dagebüll GeBePro (Stefan Petschull) ,54.734581,8.750893,228467.0,2023-06-24,3.0,4.5,235.84781273441007,SW,0.0
105,,,Dagebüll,SEN,Vestas,V136,10340001.0,SEM V136 Dagebüll (228467),ULMR,2022-02-17 00:00:00,Greendyke Energy Dagebüll GmbH & Co. KG,Stefan Petschull,WEA 6 von 6,V240907,WEA 12,82.0,136.0,Ja,Unbekannt,Unbekannt,,,5.0,15.0,E,,,,,2022-11-17 00:00:00,,,Approved,file:///A:\___Projekte\10340001_2022 V136 SEN Dagebüll GeBePro (Stefan Petschull) ,54.728063,8.745281,228467.0,2023-06-24,3.0,4.5,235.84781273441007,SW,0.0
112,,,Auras Süd,SET,Vestas,V162,10341214.0,SET Auras SüD Vestas (228960),ANNJO,2022-02-28 00:00:00,Vestas Wind Systems A/S,NCN,WEA 1 von 3,242326,WEA Auras 02,169.0,162.0,Unbekannt,Ja,Unbekannt,,,5.0,15.0,E,,,Elektroenergieversorgung cottbus gmbh,,2022-05-11 00:00:00,,,Approved,file:///A:\___Projekte\10341214_2022 V150 SET Auras Süd Vestas DK (NCN) ,51.651009,14.294838,228960.0,2023-06-24,3.24,4.86,305.0649390041872,NW,0.0
113,,,Auras Süd,SET,Vestas,V162,10341214.0,SET Auras SüD Vestas (228960),ANNJO,2022-02-28 00:00:00,Vestas Wind Systems A/S,NCN,WEA 2 von 3,242327,WEA Auras 03,169.0,162.0,Unbekannt,Unbekannt,Unbekannt,,,5.0,15.0,E,,,,,,,,Approved,file:///A:\___Projekte\10341214_2022 V150 SET Auras Süd Vestas DK (NCN) ,51.647323,14.292048,228960.0,2023-06-24,3.24,4.86,305.0649390041872,NW,0.0
114,,,Auras Süd,SET,Vestas,V150,10341214.0,SET Auras SüD Vestas (228960),ANNJO,2022-02-28 00:00:00,Vestas Wind Systems A/S,NCN,WEA 3 von 3,,WEA Auras 04,169.0,150.0,Unbekannt,Unbekannt,Unbekannt,,,5.0,15.0,E,,,,,,,,Approved,file:///A:\___Projekte\10341214_2022 V150 SET Auras Süd Vestas DK (NCN) ,51.649947,14.288813,228960.0,2023-06-24,3.24,4.86,305.0649390041872,NW,0.0
120,,,WP Janneby,SET,Enercon,E115,10343432.0,SET E-115 Janneby (229422),RICFRE,2022-03-16 00:00:00,ENERCON GmbH,Tanja Stüttechen,WEA 1 von 1,1160001,WEA 02c,132.77,115.71,Ja,Ja,Unbekannt,,,5.0,15.0,E,,,,,2022-03-10 00:00:00,2022-06-23 00:00:00,10/20/2022 & 2/1/2023,Approved,file:///A:\___Projekte\10343432_2022 E115 SET WP Janneby Enercon GmbH (Tanja Stüttechen) ,54.64354042,9.31945816,229422.0,2023-06-24,3.22,4.83,250.383927622022,W,0.0
121,,,Stelle-Wittenwurth,SEN,Enercon,E115,10344901.0,SEN WP Stelle-Wittenw (229828),ARNJEN,2022-03-18 00:00:00,WindPlan Witthohn & Frauen GmbH & Co. KG,,WEA 1 von 1,1160029,WEA 7,122.0,115.0,Ja,Ja,Ja,,,5.0,15.0,E,,,,,2023-04-18 00:00:00,,,Approved,file:///A:\___Projekte\10344901_2022 E115 SEN Stelle_Wittenwurth WindPlan () ,54.244775,9.051073,229828.0,2023-06-24,3.77,5.66,250.63132008480937,W,0.0
124,,,Obere Arlau,SET,Vestas,EVENTUS,10360086.0,SET Obere Arlau (232560),ULMR,2022-04-21 00:00:00,Vestas Wind Systems A/S,NCN,WEA 1 von 1,V243290,WEA 1 - V150,125.0,150.0,Ja,Unbekannt,Unbekannt,,,5.0,15.0,E,,,,,2022-06-24 00:00:00,2022-11-11 00:00:00,2023-02-24 00:00:00,Approved,file:///A:\___Projekte\10360086_2022 EVENTUS SET Obere Arlau Vestas DK (NCN) ,54.609164,9.157917,232560.0,2023-06-24,3.13,4.7,258.1234505712612,W,0.0
128,,,Eichenhof,SEN,Enercon,E126,10362902.0,SEN WP Eichenhof E126 (229567),ULMR,2022-04-11 00:00:00,nttb GmbH,Jann Carstens,WEA 1 von 2,1250369,WEA 6,115.8,127.0,Ja,Unbekannt,Unbekannt,,,5.0,15.0,E,,,,,,,,Approved,file:///A:\___Projekte\10362902_2022 E126 SEN Eichenhof nttb (Jann Carstens) ,54.723104,9.091134,229567.0,2023-06-24,3.37,5.05,247.92326415538534,W,0.0
129,,,Eichenhof,SEN,Enercon,E126,10362902.0,SEN WP Eichenhof E126 (229567),ULMR,2022-04-11 00:00:00,nttb GmbH,Jann Carstens,WEA 2 von 2,1250370,WEA 7,115.8,127.0,Ja,Ja,Ja,,,5.0,15.0,E,,,,,2022-11-22 00:00:00,,,Approved,file:///A:\___Projekte\10362902_2022 E126 SEN Eichenhof nttb (Jann Carstens) ,54.723469,9.096318,229567.0,2023-06-24,3.37,5.05,247.92326415538534,W,0.0
130,,,WP Norderhamme Hollingstedt,SEN,Vestas,V150,10363104.0,SEN WP Nordhamme V150 (232607),ANNJO,2022-05-05 00:00:00,Windenergie Norderhamme GmbH & Co. KG,Simon Brälye,WEA 1 von 2,244062,WEA 1,125.0,150.0,Unbekannt,Unbekannt,Ja,,,5.0,15.0,E,,,,,,,,Approved,file:///A:\___Projekte\10363104_2022 V150 SEN WP Norderhamme Hollingstedt WES Ibs (Simon Brälye) ,54.298742,9.199265,232607.0,2023-06-24,3.64,5.47,251.2426641965941,W,0.0
131,,,WP Norderhamme Hollingstedt,SEN,Vestas,V150,10363104.0,SEN WP Nordhamme V150 (232607),ANNJO,2022-05-05 00:00:00,Windenergie Norderhamme GmbH & Co. KG,Simon Brälye,WEA 2 von 2,244063,WEA 2,125.0,150.0,Unbekannt,Unbekannt,Ja,,,5.0,15.0,E,,,,,,,,Approved,file:///A:\___Projekte\10363104_2022 V150 SEN WP Norderhamme Hollingstedt WES Ibs (Simon Brälye) ,54.29642,9.206644,232607.0,2023-06-24,3.64,5.47,251.2426641965941,W,0.0
134,,,WP Auras Süd,SEN,Vestas,V150,10363115.0,SEN Auras Süd V150 (230512),ANNJO,2022-05-13 00:00:00,UGE Schorbus Zwei GmbH & Co. KG Umweltgerechte Energie,Paul Radons,WEA 1 von 1,,WEA Auras 04,169.0,150.0,Unbekannt,Unbekannt,Ja,,,5.0,15.0,E,,,,,,,,Approved,file:///A:\___Projekte\10363115_2022 V150 SEN WP Auras Süd UGE Schorbus Zwei GmbH (Paul Radons) ,51.649947,14.288813,230512.0,2023-06-24,3.24,4.86,305.0649390041872,NW,0.0
137,,,Reußenköge,SEN,Vestas,V112,10365384.0,SEN V112 Reußenk. (234083),RICFRE,2022-06-01 00:00:00,Vestas Deutschland GmbH,Helge Schnehle,WEA 1 von 1,V214129,,94.0,112.0,Unbekannt,Unbekannt,Unbekannt,,,5.0,15.0,E,,,,,2023-03-23 00:00:00,,,Approved,file:///A:\___Projekte\10365384_2022 V112 SEN Reußenköge Vestas DE (Helge Schnehle) ,54.582737,8.944098,234083.0,2023-06-24,3.35,5.02,246.84567491923843,SW,0.0
143,,,WP Sitten,SEN,Vestas,V150,10366612.0,SEN V150 WP Sitten (234266),FELPLA,2022-06-08 00:00:00,Windpark Sitten GmbH & Co. KG,Imke Odrich,WEA 1 von 2,242767,WEA01,166.0,150.0,Unbekannt,Unbekannt,Ja,,,5.0,15.0,E,,,,,,,,Approved,file:///A:\___Projekte\10366612_2022 V150 SEN WP Sitten Windpark Sitten GmbH (Imke Odrich) ,51.217917,12.928956,234266.0,2023-06-24,3.26,4.88,304.2978970457737,NW,0.0
144,,,WP Sitten,SEN,Vestas,V150,10366612.0,SEN V150 WP Sitten (234266),FELPLA,2022-06-08 00:00:00,Windpark Sitten GmbH & Co. KG,Imke Odrich,WEA 2 von 2,242768,WEA02,166.0,150.0,Unbekannt,Unbekannt,Ja,,,5.0,15.0,E,,,,,,,,Approved,file:///A:\___Projekte\10366612_2022 V150 SEN WP Sitten Windpark Sitten GmbH (Imke Odrich) ,51.216631,12.933894,234266.0,2023-06-24,3.26,4.88,304.2978970457737,NW,0.0
145,,,Goldelund,SEN,Enercon,E70,10367152.0,SEN E70 Goldelund (234247),RICFRE,2022-06-13 00:00:00,ENERCON GmbH,Julia Langner,WEA 1 von 1,784342,BVD 52 10,64.0,71.0,Ja,Ja,Unbekannt,,,5.0,15.0,E,,,,,2022-10-05 00:00:00,,,Approved,file:///A:\___Projekte\10367152_2022 E70 SEN Goldelund Enercon GmbH (Julia Langner) ,54.68899,9.125993,234247.0,2023-06-24,3.37,5.05,247.92326415538534,W,0.0
146,,,Beesenberg,SEN,Vestas,EVENTUS,10367726.0,SEN Vestas Eventus Beesenberg (234861),FELPLA,2022-06-21 00:00:00,Vestas Wind Systems A/S,NCN,WEA 1 von 1,234269,WEA 01,169.0,150.0,Unbekannt,Ja,Unbekannt,,,5.0,15.0,E,,,,,2022-07-01 00:00:00,10/22+23/2022,1/10+11/2023 & 3/7/2023 & 3/27+28/2023,Approved,file:///A:\___Projekte\10367726_2022 EVENTUS SEN Beesenberg Vestas DK (NCN) ,53.398175,13.827703,234861.0,2023-06-24,4.12,6.18,285.6935082240596,W,0.0
148,,,Mühlenberg,SEN,Enercon,N117,10369703.0,SEN N117 WP Mühlenberg III NTTB (235165),ULMR,2022-06-28 00:00:00,Windpark Mühlenberg GmbH & Co. KG,Thurid,WEA 1 von 1,89646,WEA 12,120.0,117.0,Nein,Nein,Ja,,,5.0,15.0,E,,,,,,,,Approved,file:///A:\___Projekte\10369703_2022 N117 SEN Mühlenberg NTTB (Thurid) ,54.721286,9.287042,235165.0,2023-06-24,3.43,5.15,256.48983387109115,W,0.0
149,,,WP Neuenkirchen,SEN,Enercon,E126,10371136.0,SEN E126 WP Neuenk. (235801),ANNJO,2022-07-21 00:00:00,Bürgerwindpark Neuenkirchen UG (haftungsbeschränkt) & Co. KG,Simon Brälye,WEA 1 von 1,E1250365,WEA Neuenkirchen - 1250365,116.0,127.0,Ja,Ja,Ja,,,5.0,15.0,E,,,,,,,,Approved,file:///A:\___Projekte\10371136_2022 E126 SEN WP Neuenkirchen BWP Neuenkirchen (Simon Brälye) ,54.250019,9.005117,235801.0,2023-06-24,3.75,5.63,246.19918848015465,SW,0.0
150,6.0,messklar,Südermarsch,SEN,Enercon,E115,10371874.0,SEN Südermarsch II (235210),FELPLA,2022-07-28T00:00:00,Bürgerwind Südermarsch II GmbH & Co. KG,Thurid Kuhk,WEA 1 von 2,E1160121,WEA1,92.05,115.71,Unbekannt,Unbekannt,Ja,,,5.0,15.0,E,,,,,,,,Approved,file:///A:\___Projekte\10371874_2022 E115 SEN Südermarsch nttb (Thurid Kuhk) ,53.989642,9.061328,235210.0,2023-06-24,3.24,4.86,253.10788694169668,W,0.0
151,6.0,messklar,Südermarsch,SEN,Enercon,E115,10371874.0,SEN Südermarsch II (235210),FELPLA,2022-07-28T00:00:00,Bürgerwind Südermarsch II GmbH & Co. KG,Thurid Kuhk,WEA 2 von 2,E1160122,WEA2,92.05,115.71,Unbekannt,Unbekannt,Ja,,,5.0,15.0,E,,,,,,,,Approved,file:///A:\___Projekte\10371874_2022 E115 SEN Südermarsch nttb (Thurid Kuhk) ,53.989847,9.065308,235210.0,2023-06-24,3.24,4.86,253.10788694169668,W,0.0
153,,,Fri.Ko.,SEN,Enercon,E115,10373627.0,SEN Friedrichskoog (236826),ARNJEN,2022-08-11 00:00:00,WES IBS Betriebsführungs- und Verwaltungs GmbH,Jan Heckens,WEA 1 von 1,,AVK Wind,92.0,115.7,Unbekannt,Unbekannt,Ja,,,5.0,15.0,E,,,,,,,,Approved,file:///A:\___Projekte\10373627_2022 E115 SEN FriKo WES Ibs (Jan Heckens) ,54.012905,8.941828,236826.0,2023-06-24,3.22,4.83,261.4901475104493,W,0.0
156,,,WP Gudendorf I,SEN,Vestas,V162,10375376.0,SEN V162 Gudendorf (237049),ANNJO,2022-08-22 00:00:00,Windpark Gudendorf I GmbH & Co. KG,Jan Heckens,WEA 1 von 5,,WEA 1-Gudendor,119.0,162.0,Unbekannt,Unbekannt,Ja,,,5.0,15.0,E,,,,,,,,Approved,file:///A:\___Projekte\10375376_2022 V162 SEN WP Gudendorf I WES Ibs (Jan Heckens) ,54.031933,9.085772,237049.0,2023-06-24,3.22,4.83,261.4901475104493,W,0.0
157,,,WP Gudendorf I,SEN,Vestas,V162,10375376.0,SEN V162 Gudendorf (237049),ANNJO,2022-08-22 00:00:00,Windpark Gudendorf I GmbH & Co. KG,Jan Heckens,WEA 2 von 5,,WEA 2-Busenwurth,119.0,162.0,Unbekannt,Unbekannt,Ja,,,5.0,15.0,E,,,,,,,,Approved,file:///A:\___Projekte\10375376_2022 V162 SEN WP Gudendorf I WES Ibs (Jan Heckens) ,54.027877,9.076925,237049.0,2023-06-24,3.22,4.83,261.4901475104493,W,0.0
158,,,WP Gudendorf I,SEN,Vestas,V162,10375376.0,SEN V162 Gudendorf (237049),ANNJO,2022-08-22 00:00:00,Windpark Gudendorf I GmbH & Co. KG,Jan Heckens,WEA 3 von 5,,WEA 3-Gudendor,119.0,162.0,Unbekannt,Unbekannt,Ja,,,5.0,15.0,E,,,,,,,,Approved,file:///A:\___Projekte\10375376_2022 V162 SEN WP Gudendorf I WES Ibs (Jan Heckens) ,54.027216,9.084144,237049.0,2023-06-24,3.22,4.83,261.4901475104493,W,0.0
159,,,WP Gudendorf I,SEN,Vestas,V162,10375376.0,SEN V162 Gudendorf (237049),ANNJO,2022-08-22 00:00:00,Windpark Gudendorf I GmbH & Co. KG,Jan Heckens,WEA 4 von 5,,WEA 4-Barlt,119.0,162.0,Unbekannt,Unbekannt,Ja,,,5.0,15.0,E,,,,,,,,Approved,file:///A:\___Projekte\10375376_2022 V162 SEN WP Gudendorf I WES Ibs (Jan Heckens) ,54.02188,9.079569,237049.0,2023-06-24,3.22,4.83,261.4901475104493,W,0.0
160,,,WP Gudendorf I,SEN,Vestas,V162,10375376.0,SEN V162 Gudendorf (237049),ANNJO,2022-08-22 00:00:00,Windpark Gudendorf I GmbH & Co. KG,Jan Heckens,WEA 5 von 5,,WEA 5-Barlt,119.0,162.0,Unbekannt,Unbekannt,Ja,,,5.0,15.0,E,,,,,,,,Approved,file:///A:\___Projekte\10375376_2022 V162 SEN WP Gudendorf I WES Ibs (Jan Heckens) ,54.01954,9.084739,237049.0,2023-06-24,3.22,4.83,261.4901475104493,W,0.0
161,,,WP Jerrishoe,SEN,Senvion,3.2M114,10377886.0,SEN 3.2m114 Jerrishoe (235288),RICFRE,2022-09-05 00:00:00,WP Jerrishoe Pooling GmbH & CO. KG,Franz-Josef Lübbert zur Lage,WEA 1 von 5,300732,Döhnkier 300732,93.0,114.0,Ja,Unbekannt,Ja,,,5.0,15.0,E,,,,,2022-10-25 00:00:00,,,Approved,file:///A:\___Projekte\10377886_2022 32M114 SEN WP Jerrishoe WP Jerrishoe Pooling GmbH (Franz_Josef Lübbert zur Lage) ,54.670058,9.352389,235288.0,2023-06-24,3.22,4.83,250.383927622022,W,0.0
162,,,WP Jerrishoe,SEN,Senvion,3.2M114,10377886.0,SEN 3.2m114 Jerrishoe (235288),RICFRE,2022-09-05 00:00:00,WP Jerrishoe Pooling GmbH & CO. KG,Franz-Josef Lübbert zur Lage,WEA 2 von 5,300733,BWP Jerrishoe 300733,93.0,114.0,Unbekannt,Unbekannt,Ja,,,5.0,15.0,E,,,,,,,,Approved,file:///A:\___Projekte\10377886_2022 32M114 SEN WP Jerrishoe WP Jerrishoe Pooling GmbH (Franz_Josef Lübbert zur Lage) ,54.666923,9.352347,235288.0,2023-06-24,3.22,4.83,250.383927622022,W,0.0
163,,,WP Jerrishoe,SEN,Senvion,3.2M114,10377886.0,SEN 3.2m114 Jerrishoe (235288),RICFRE,2022-09-05 00:00:00,WP Jerrishoe Pooling GmbH & CO. KG,Franz-Josef Lübbert zur Lage,WEA 3 von 5,300734,BWP Jerrishoe 300734,93.0,114.0,Unbekannt,Unbekannt,Ja,,,5.0,15.0,E,,,,,,,,Approved,file:///A:\___Projekte\10377886_2022 32M114 SEN WP Jerrishoe WP Jerrishoe Pooling GmbH (Franz_Josef Lübbert zur Lage) ,54.665415,9.348678,235288.0,2023-06-24,3.22,4.83,250.383927622022,W,0.0
164,,,WP Jerrishoe,SEN,Senvion,3.2M114,10377886.0,SEN 3.2m114 Jerrishoe (235288),RICFRE,2022-09-05 00:00:00,WP Jerrishoe Pooling GmbH & CO. KG,Franz-Josef Lübbert zur Lage,WEA 4 von 5,300735,BWP Jerrishoe 300735,93.0,114.0,Unbekannt,Unbekannt,Ja,,,5.0,15.0,E,,,,,,,,Approved,file:///A:\___Projekte\10377886_2022 32M114 SEN WP Jerrishoe WP Jerrishoe Pooling GmbH (Franz_Josef Lübbert zur Lage) ,54.668046,9.346849,235288.0,2023-06-24,3.22,4.83,250.383927622022,W,0.0
165,,,WP Jerrishoe,SEN,Senvion,3.2M114,10377886.0,SEN 3.2m114 Jerrishoe (235288),RICFRE,2022-09-05 00:00:00,WP Jerrishoe Pooling GmbH & CO. KG,Franz-Josef Lübbert zur Lage,WEA 5 von 5,300736,Döhnkier 300736,93.0,114.0,Unbekannt,Unbekannt,Ja,,,5.0,15.0,E,,,,,,,,Approved,file:///A:\___Projekte\10377886_2022 32M114 SEN WP Jerrishoe WP Jerrishoe Pooling GmbH (Franz_Josef Lübbert zur Lage) ,54.665593,9.343434,235288.0,2023-06-24,3.22,4.83,250.383927622022,W,0.0
166,,,WP Süderdorf,SEN,Vestas,V126,10379099.0,SEN V126 BWP Eider (230353),ULFKOC,2022-09-09 00:00:00,Bürgerwindpark Eider GmbH & Co. KG,Jan Heckens,WEA 1 von 1,,WEA Süderdorf,87.0,126.0,Unbekannt,Unbekannt,Unbekannt,,,5.0,15.0,E,,,,,,,,Approved,file:///A:\___Projekte\10379099_2022 V126 SEN WP Süderdorf WES Ibs (Jan Heckens) ,54.198275,9.311692,230353.0,2023-06-24,3.64,5.47,251.2426641965941,W,0.0
167,,,WP Hägen,SEN,Vestas,V150,10379103.0,SEN V150 BWP Hägen (230354),ULFKOC,2022-09-09 00:00:00,Bürgerwindpark Hägen GmbH & Co. KG,Jan Heckens,WEA 1 von 1,,WEA Hägen,125.0,150.0,Unbekannt,Unbekannt,Unbekannt,,,5.0,15.0,E,,,,,,,,Approved,file:///A:\___Projekte\10379103_2022 V150 SEN WP Hägen WES Ibs (Jan Heckens) ,54.257071,9.135771,230354.0,2023-06-24,3.77,5.66,250.63132008480937,W,0.0
168,,,WP Norstedt,SEN,Enercon,E-138,10380285.0,SEN E-138 Norstedt (238389),ULMR,2022-09-27 00:00:00,Bürgerwindpark Norstedt-Ohlandt GmbH & Co. KG,Thurid Kuhk,WEA 1 von 1,E1380839,WEA 1,110.13,138.25,Unbekannt,Ja,Ja,,,5.0,15.0,E,,,,,,,,Approved,file:///A:\___Projekte\10380285_2022 E_138 SEN WP Norstedt BWP Norstedt Ohlandt (Thurid Kuhk) ,54.579206,9.140685,238389.0,2023-06-24,3.13,4.7,258.1234505712612,W,0.0
175,,,Österwurth,SEN,Enercon,E115,10381950.0,SEN Oesterwurth E115 (238765),ANNJO,2022-09-29 00:00:00,WKA Scheld GmbH & Co. KG,Jan Heckens,WEA 1 von 1,1160001,WKA Scheld,92.0,115.7,Unbekannt,Unbekannt,Ja,,,5.0,15.0,E,,,,,,,,Approved,file:///A:\___Projekte\10381950_2022 E115 SEN Österwurth WES Ibs (Jan Heckens) ,54.223336,8.944554,238765.0,2023-06-24,3.35,5.02,250.34309774668296,W,0.0
180,,,Hemme,SEN,Enercon,E82,10382953.0,SEN E-82 Hemme (238825),ANNJO,,ENERCON GmbH,Enercon,WEA 1 von 1,825702,"E-82 2,3MW",108.0,82.0,Nein,Ja,Ja,,,5.0,15.0,E,,,,,,,,Approved,file:///A:\___Projekte\10382953_2022 E82 SEN Hemme Sven Bigalke (Enercon) ,54.254603,9.0141,238825.0,2023-06-24,3.75,5.63,246.19918848015465,SW,0.0
181,,,Schoenfeld,SEN,Vestas,V136,10384188.0,SEN V136 Schönfeld (238874),ANNJO,,ENERTRAG SE,Jonas Armbroester,WEA 1 von 1,243497,SD Z3,132.0,136.0,Ja,Ja,Ja,,,5.0,15.0,E,,,,,,,,Approved,file:///A:\___Projekte\10384188_2022 V136 SEN Schoenfeld Enertrag SE (Jonas Armbroester) ,53.269865,14.271532,238874.0,2023-06-24,3.39,5.09,301.5708762087275,NW,0.0
183,,,Dammfleth,SEN,Vestas,V136,10385875.0,SEN 2V136 Dammfleth (228853),IACRUZ,,Windpark Rothenmeer GmbH & Co. KG,Federico_Alcalde_Burella,WEA 1 von 2,V244067,WEA 79/1,82.0,136.0,Nein,Ja,Ja,,,5.0,15.0,E,,,Stefan Thebing (Nordex) & Daniel Heegardt (Enercon),,,,,Approved,file:///A:\___Projekte\10385875_2022 V136 SEN WP Dammfleth Eurowind (Federico Alcalde Burella) ,53.887615,9.359029,228853.0,2023-06-24,3.22,4.83,255.17282040065078,W,0.0
184,,,Dammfleth,SEN,Vestas,V136,10385875.0,SEN 2V136 Dammfleth (228853),IACRUZ,,Windpark Rothenmeer GmbH & Co. KG,Federico_Alcalde_Burella,WEA 2 von 2,V244068,WEA 69/1,82.0,136.0,Nein,Ja,Ja,,,5.0,15.0,E,,,,,,,,Approved,file:///A:\___Projekte\10385875_2022 V136 SEN WP Dammfleth Eurowind (Federico Alcalde Burella) ,53.88512,9.36036,228853.0,2023-06-24,3.22,4.83,255.17282040065078,W,0.0
187,,,Lohe,SEN,Vestas,V150,10385878.0,SEN V150 WP Lohe (240477),ANNJO,,Looft-Schmidt GmbH & Co. 4.Betriebs KG,Thurid_Kuhk,WEA 1 von 1,,WEA Lohe,125.0,150.0,Nein,Nein,Ja,,,5.0,15.0,E,,,,,,,,Approved,file:///A:\___Projekte\10385877_2022 V150 SEN Tensbuettel NTTB (Thurid Kuhk) ,54.169691,9.049206,240477.0,2023-06-24,3.43,5.15,253.5061096910572,W,0.0
189,,,Wieringermeer/NL,SET,Vensys,VS115,10388155.0,SET VS115 Wieringerm (239133),PHISCH,,VENSYS Energy AG,Dennis_Vollberg,WEA 1 von 1,WEA I08 ID 260,VS2_001,92.5,114.95,Ja,Unbekannt,Unbekannt,,,5.0,15.0,E,,,,,2022-12-21 00:00:00,2023-01-30 00:00:00,,Approved,file:///A:\___Projekte\10388155_2022 VS115 SET Wieringermeer Vensys Energy AG (Dennis Vollberg) ,52.832994,5.052114,239133.0,2023-06-24,3.6,5.4,224.9402035347993,SW,0.0
190,,,Blauw,SET,Vestas,V162,10388737.0,SET V162 Blauw (240702),PHISCH,,Vestas Benelux B.V.,NCN,WEA 1 von 3,241146,VT01,136.0,162.0,Unbekannt,Ja,Unbekannt,,,5.0,15.0,E,,,,,2023-02-10 00:00:00,,,Approved,file:///A:\___Projekte\10388737_2022 V162 SET Blauw NL Vestas DK (NCN) ,52.5535,5.589672,240702.0,2023-06-24,4.14,6.21,238.5360044037368,SW,0.0
191,,,Blauw,SET,Vestas,V162,10388737.0,SET V162 Blauw (240702),PHISCH,,Vestas Benelux B.V.,NCN,WEA 2 von 3,241152,VT07,136.0,162.0,Unbekannt,Ja,Unbekannt,,,5.0,15.0,E,,,,,2022-12-17 00:00:00,2023-01-28 00:00:00,2/10/2023 & 3/14/2023 & 4/25/2023,Approved,file:///A:\___Projekte\10388737_2022 V162 SET Blauw NL Vestas DK (NCN) ,52.576044,5.582722,240702.0,2023-06-24,4.14,6.21,238.5360044037368,SW,0.0
192,,,Blauw,SET,Vestas,V162,10388737.0,SET V162 Blauw (240702),PHISCH,,Vestas Benelux B.V.,NCN,WEA 3 von 3,241163,RD08,136.0,162.0,Unbekannt ,Ja ,Unbekannt ,,,5.0,15.0,E,,,,,2022-12-17 00:00:00,2023-01-28 00:00:00,2023-03-14 00:00:00,Approved,file:///A:\___Projekte\10388737_2022 V162 SET Blauw NL Vestas DK (NCN) ,52.580725,5.61115,240702.0,2023-06-24,4.14,6.21,238.5360044037368,SW,0.0
196,,,Reußenköge,SEN,Vestas,V112,10390714.0,SEN V112 Reußenk. (241926),RICFRE,,Vestas Deutschland GmbH,Jannika_Binder,WEA 1 von 1,210159,,94.0,112.0,Unbekannt,Unbekannt,Unbekannt,,,5.0,15.0,E,,,,,2023-03-24 00:00:00,,,Approved,file:///A:\___Projekte\10390135_2022 GE 55 SEN WP Könau 4initia (Serkan Yetiskin) ,54.643593,8.853473,241926.0,2023-06-24,3.35,5.02,246.84567491923843,SW,0.0
197,,,Reinbüttel,SIP SWP,German Sustainables,GS-1000 NT,10392418.0,SIP SWP GS-1000 NT (242119),JORDED,,German Sustainables Gesellschaft für erneuerbare Energiesysteme m.b.H,Hans_Jürgen_Brandt,WEA 1 von 1,,WEA N01,,,Unbekannt ,Unbekannt ,Unbekannt ,,,5.0,15.0,E,,,,,,,,Approved,,54.187951,8.923237,242119.0,2023-06-24,3.35,5.02,250.34309774668296,W,0.0
204,,,WP Steife Brise,SEN,Nordex,N117,10424395.0,SEN WP Steife Brise Ing Büro Siefert (Eugen Siefert)\,RicFre,2023-01-19 00:00:00,Ing Büro Siefert ,Eugen Siefert,WEA 1 von 1,,WEA 05,120.0,117.0,Unbekannt,Unbekannt,Unbekannt,,,0.0,100.0,all,,,,,,,,Approved,file:///A:\___Projekte\10424395_2023 N117 SEN WP Steife Brise Ing Büro Siefert (Eugen Siefert) ,54.533323,9.236464,243575.0,2023-06-24,3.13,4.7,258.1234505712612,W,1.0
209,,,WP Rantrum,SEN,Nordex,N117,10425091.0,SEN WP Rantrum BGZ Fondsverwaltung GmbH (Andre Hansen)\,RicFre,2023-01-20 00:00:00,BGZ Fondsverwaltung GmbH ,Andre Hansen,WEA 1 von 4,,WEA 1,91.0,117.0,Unbekannt ,Unbekannt ,Unbekannt ,,,0.0,100.0,all,,,,,,,,Approved,file:///A:\___Projekte\10425091_2023 N117 SEN WP Rantrum BGZ Fondsverwaltung GmbH (Andre Hansen) ,54.462585,9.144559,243019.0,2023-06-24,3.13,4.7,258.1234505712612,W,1.0
210,,,WP Rantrum,SEN,Nordex,N117,10425091.0,SEN WP Rantrum BGZ Fondsverwaltung GmbH (Andre Hansen)\,RicFre,2023-01-20 00:00:00,BGZ Fondsverwaltung GmbH ,Andre Hansen,WEA 2 von 4,,WEA 4,91.0,117.0,Unbekannt,Unbekannt,Unbekannt,,,0.0,100.0,all,,,,,,,,Approved,file:///A:\___Projekte\10425091_2023 N117 SEN WP Rantrum BGZ Fondsverwaltung GmbH (Andre Hansen) ,54.460563,9.143211,243019.0,2023-06-24,3.13,4.7,258.1234505712612,W,1.0
211,,,WP Rantrum,SEN,Nordex,N117,10425091.0,SEN WP Rantrum BGZ Fondsverwaltung GmbH (Andre Hansen)\,RicFre,2023-01-20 00:00:00,BGZ Fondsverwaltung GmbH ,Andre Hansen,WEA 3 von 4,,WEA 5,91.0,117.0,Unbekannt,Unbekannt,Unbekannt,,,0.0,100.0,all,,,,,,,,Approved,file:///A:\___Projekte\10425091_2023 N117 SEN WP Rantrum BGZ Fondsverwaltung GmbH (Andre Hansen) ,54.459411,9.148074,243019.0,2023-06-24,3.13,4.7,258.1234505712612,W,1.0
212,,,WP Rantrum,SEN,Nordex,N117,10425091.0,SEN WP Rantrum BGZ Fondsverwaltung GmbH (Andre Hansen)\,RicFre,2023-01-20 00:00:00,BGZ Fondsverwaltung GmbH ,Andre Hansen,WEA 4 von 4,,WEA 6,91.0,117.0,Unbekannt,Unbekannt,Unbekannt,,,0.0,100.0,all,,,,,,,,Approved,file:///A:\___Projekte\10425091_2023 N117 SEN WP Rantrum BGZ Fondsverwaltung GmbH (Andre Hansen) ,54.459036,9.153611,243019.0,2023-06-24,3.13,4.7,258.1234505712612,W,1.0
221,,,WP Falkenwalde,SEN,GE,GE 4.5 MW,10426438.0,SEN WP Falkenwalde GE Renewable Energy (Bjoern Schierenbeck)\,Annjo,2023-01-30 00:00:00,GE Renewable Energy ,Björn Schierenbeck,WEA 1 von 2,55209915,RH E7,161.0,158.0,Unbekannt,Ja,Unbekannt,,,0.0,100.0,all,,,,,2022-11-17 00:00:00,2023-03-17 00:00:00,,Approved,file:///A:\___Projekte\10426438_2023 GE 45 MW SEN WP Falkenwalde GE Renewable Energy (Björn Schierenbeck) ,53.2831,14.036204,241686.0,2023-06-24,3.32,4.98,305.4835354411054,NW,1.0
222,,,WP Falkenwalde,SEN,GE,GE 4.5 MW,10426438.0,SEN WP Falkenwalde GE Renewable Energy (Bjoern Schierenbeck)\,Annjo,2023-01-30 00:00:00,GE Renewable Energy ,Björn Schierenbeck,WEA 2 von 2,55209916,RH E8,161.0,158.0,Unbekannt,Ja,Unbekannt,,,0.0,100.0,all,,,,,2022-11-17 00:00:00,2023-03-17 00:00:00,,Approved,file:///A:\___Projekte\10426438_2023 GE 45 MW SEN WP Falkenwalde GE Renewable Energy (Björn Schierenbeck) ,53.283747,14.030669,241686.0,2023-06-24,3.32,4.98,305.4835354411054,NW,1.0
223,,,WP Wester Ohrstedt,SIP,Senvion, 3.4M-114NES,10427192.0,SIP WP Wester_Ohrstedt Cimbergy (Birgit Höft_Jensen)\,JorDed,2023-02-03 00:00:00,Windpark Adlerhorst GmbH & Co. KG,Birgit Höft_Jensen,WEA 1 von 3,,WEA 01 ,123.0,114.0,Unbekannt ,Unbekannt ,Unbekannt ,,,0.0,100.0,all,,,,,,,,Approved,file:///a:\___Projekte\10427192_2023  SIP WP Wester_Ohrstedt Cimbergy (Birgit Höft_Jensen)\,54.499305,9.168878,244393.0,2023-06-24,3.13,4.7,258.1234505712612,W,1.0
224,,,WP Wester Ohrstedt,SIP,Senvion, 3.4M-114NES,10427192.0,SIP WP Wester_Ohrstedt Cimbergy (Birgit Höft_Jensen)\,JorDed,2023-02-03 00:00:00,Windpark Adlerhorst GmbH & Co. KG,Birgit Höft_Jensen,WEA 2 von 3,,WEA 02 ,123.0,114.0,Unbekannt ,Unbekannt ,Unbekannt ,,,0.0,100.0,all,,,,,,,,Approved,file:///a:\___Projekte\10427192_2023  SIP WP Wester_Ohrstedt Cimbergy (Birgit Höft_Jensen)\,54.497412,9.172993,244393.0,2023-06-24,3.13,4.7,258.1234505712612,W,1.0
225,,,WP Wester Ohrstedt,SIP,Senvion, 3.4M-114NES,10427192.0,SIP WP Wester_Ohrstedt Cimbergy (Birgit Höft_Jensen)\,JorDed,2023-02-03 00:00:00,Windpark Adlerhorst GmbH & Co. KG,Birgit Höft_Jensen,WEA 3 von 3,,WEA 03,123.0,114.0,Unbekannt,Unbekannt,Unbekannt,,,0.0,100.0,all,,,,,,,,Approved,file:///a:\___Projekte\10427192_2023  SIP WP Wester_Ohrstedt Cimbergy (Birgit Höft_Jensen)\,54.494356,9.173057,244393.0,2023-06-24,3.13,4.7,258.1234505712612,W,1.0
226,,,BWP Süderdeich,SIP,Enercon ,E 92,10427272.0,SIP BWP Süderdeich WindPlan (Reickard Müller)\,JorDed,2023-02-07 00:00:00,Bürgerwindpark Süderdeich GmbH & Co. KG,Reickard Müller,WEA 1 von 1,920913,Bürgerwindpark Süderdeich 920913,85.0,92.0,Unbekannt,Unbekannt,Unbekannt,,,0.0,100.0,all,,,,,,,,Approved,file:///a:\___Projekte\10427272_2023  SIP BWP Süderdeich WindPlan (Reickard Müller)\,54.194249,8.926524,244015.0,2023-06-24,3.35,5.02,250.34309774668296,W,1.0
230,,,Nordermeldorf,SEN,Siemens Gamesa,SG 6.6-155,10429130.0,SEN BWP Nordermeldorf (244577),UlfKoc,2023-02-11 00:00:00,Nordermeldorf-Wind GmbH & Co. KG,Carsten_Nahne Rohde,WEA 1 von 9,,WEA-1,122.5,155.0,Unbekannt,Unbekannt,Unbekannt,,,0.0,100.0,all,,,,,,,,Approved,file:///a:\___Projekte\10429130_2023 SG 6.6_155 SEN BWP Nordermeldorf Nordermeldorf Wind GmbH (Carsten_Nahne Rohde)\,54.134007,9.030671,244577.0,2023-06-24,3.43,5.15,253.5061096910572,W,1.0
231,,,Nordermeldorf,SEN,Siemens Gamesa,SG 6.6-155,10429130.0,SEN BWP Nordermeldorf (244577),UlfKoc,2023-02-11 00:00:00,Nordermeldorf-Wind GmbH & Co. KG,Carsten_Nahne Rohde,WEA 2 von 9,,WEA-2,122.5,155.0,Unbekannt,Unbekannt,Unbekannt,,,0.0,100.0,all,,,,,,,,Approved,file:///a:\___Projekte\10429130_2023 SG 6.6_155 SEN BWP Nordermeldorf Nordermeldorf Wind GmbH (Carsten_Nahne Rohde)\,54.137153,9.031791,244577.0,2023-06-24,3.43,5.15,253.5061096910572,W,1.0
232,,,Nordermeldorf,SEN,Siemens Gamesa,SG 6.6-155,10429130.0,SEN BWP Nordermeldorf (244577),UlfKoc,2023-02-11 00:00:00,Nordermeldorf-Wind GmbH & Co. KG,Carsten_Nahne Rohde,WEA 3 von 9,,WEA-3,122.5,155.0,Unbekannt ,Unbekannt ,Unbekannt ,,,0.0,100.0,all,,,,,,,,Approved,file:///a:\___Projekte\10429130_2023 SG 6.6_155 SEN BWP Nordermeldorf Nordermeldorf Wind GmbH (Carsten_Nahne Rohde)\,54.134455,9.036686,244577.0,2023-06-24,3.43,5.15,253.5061096910572,W,1.0
233,,,Nordermeldorf,SEN,Siemens Gamesa,SG 6.6-155,10429130.0,SEN BWP Nordermeldorf (244577),UlfKoc,2023-02-11 00:00:00,Nordermeldorf-Wind GmbH & Co. KG,Carsten_Nahne Rohde,WEA 4 von 9,,WEA-4,122.5,155.0,Unbekannt ,Unbekannt ,Unbekannt ,,,0.0,100.0,all,,,,,,,,Approved,file:///a:\___Projekte\10429130_2023 SG 6.6_155 SEN BWP Nordermeldorf Nordermeldorf Wind GmbH (Carsten_Nahne Rohde)\,54.132423,9.041061,244577.0,2023-06-24,3.43,5.15,253.5061096910572,W,1.0
234,,,Nordermeldorf,SEN,Siemens Gamesa,SG 6.6-155,10429130.0,SEN BWP Nordermeldorf (244577),UlfKoc,2023-02-11 00:00:00,Nordermeldorf-Wind GmbH & Co. KG,Carsten_Nahne Rohde,WEA 5 von 9,,WEA-5,122.5,155.0,Unbekannt,Unbekannt,Unbekannt,,,0.0,100.0,all,,,,,,,,Approved,file:///a:\___Projekte\10429130_2023 SG 6.6_155 SEN BWP Nordermeldorf Nordermeldorf Wind GmbH (Carsten_Nahne Rohde)\,54.135208,9.044385,244577.0,2023-06-24,3.43,5.15,253.5061096910572,W,1.0
235,,,Nordermeldorf,SEN,Siemens Gamesa,SG 6.0-155,10429130.0,SEN BWP Nordermeldorf (244577),UlfKoc,2023-02-11 00:00:00,Nordermeldorf-Wind GmbH & Co. KG,Carsten_Nahne Rohde,WEA 6 von 9,,WEA-6,122.5,155.0,Unbekannt,Unbekannt,Unbekannt,,,0.0,100.0,all,,,,,,,,Approved,file:///a:\___Projekte\10429130_2023 SG 6.6_155 SEN BWP Nordermeldorf Nordermeldorf Wind GmbH (Carsten_Nahne Rohde)\,54.135187,9.050507,244577.0,2023-06-24,3.43,5.15,253.5061096910572,W,1.0
236,,,Nordermeldorf,SEN,Siemens Gamesa,SG 6.0-155,10429130.0,SEN BWP Nordermeldorf (244577),UlfKoc,2023-02-11 00:00:00,Nordermeldorf-Wind GmbH & Co. KG,Carsten_Nahne Rohde,WEA 7 von 9,,WEA-7,122.5,155.0,Unbekannt,Unbekannt,Unbekannt,,,0.0,100.0,all,,,,,,,,Approved,file:///a:\___Projekte\10429130_2023 SG 6.6_155 SEN BWP Nordermeldorf Nordermeldorf Wind GmbH (Carsten_Nahne Rohde)\,54.132418,9.053764,244577.0,2023-06-24,3.43,5.15,253.5061096910572,W,1.0
237,,,Nordermeldorf,SEN,Siemens Gamesa,SG 5.0-132,10429130.0,SEN BWP Nordermeldorf (244577),UlfKoc,2023-02-11 00:00:00,Nordermeldorf-Wind GmbH & Co. KG,Carsten_Nahne Rohde,WEA 8 von 9,,WEA 8,84.0,132.0,Unbekannt,Unbekannt,Unbekannt,,,0.0,100.0,all,,,,,,,,Approved,file:///a:\___Projekte\10429130_2023 SG 6.6_155 SEN BWP Nordermeldorf Nordermeldorf Wind GmbH (Carsten_Nahne Rohde)\,54.130372,9.043998,244577.0,2023-06-24,3.43,5.15,253.5061096910572,W,1.0
238,,,Nordermeldorf,SEN,Siemens Gamesa,SG 5.0-132,10429130.0,SEN BWP Nordermeldorf (244577),UlfKoc,2023-02-11 00:00:00,Nordermeldorf-Wind GmbH & Co. KG,Carsten_Nahne Rohde,WEA 9 von 9,,WEA 9,84.0,132.0,Unbekannt ,Unbekannt ,Unbekannt ,,,0.0,100.0,all,,,,,,,,Approved,file:///a:\___Projekte\10429130_2023 SG 6.6_155 SEN BWP Nordermeldorf Nordermeldorf Wind GmbH (Carsten_Nahne Rohde)\,54.134719,9.026294,244577.0,2023-06-24,3.43,5.15,253.5061096910572,W,1.0
239,,,Oldersbek,SEN,Enercon,E115 4.2 MW,10429369.0,SEN Oldersbek (245163),UlMR,2023-02-09 00:00:00,SNC Wind UG (haftungsbeschränkt) & Co. KG,Thurid Kuhk,WEA 1 von 1,1160115,SNC Wind - WEA 1,92.0,115.7,Unbekannt,Unbekannt,Ja,,,0.0,100.0,all,,,,,,,,Approved,file:///a:\___Projekte\10429369_2023 E115 SEN WP Oldersbek nttb (Thurid Kuhk)\,54.460067,9.170214,245163.0,2023-06-24,3.13,4.7,258.1234505712612,W,1.0
240,,,Schantebüll,SEN,Enercon,E138,10429371.0,SEN WP Schnatebüll (245095),RicFren,2023-02-10 00:00:00,Windpark Schnatebüll Repowering GmbH & Co. KG,Volker Storm,WEA 1 von 1,1380840,WEA 11 ,110.8,138.25,Unbekannt,Unbekannt,Ja,,,0.0,100.0,all,,,,,,,,Approved,file:///a:\___Projekte\10429371_2023 E138 SEN WP Schnatebüll Ingbüro Volker Storm (Volker Storm)\,54.758701,8.903209,245095.0,2023-06-24,3.3,4.95,244.8014822554085,SW,1.0
241,,,Braderup,SEN,Vestas,V150,10429372.0,SEN BWP Braderup (245162),RicFren,2023-02-08 00:00:00,BWP Braderup-Tinningstedt GmbH & Co KG,Heinz Carstensen,WEA 1 von 1,,WEA 01 Kathal,,,Unbekannt ,Unbekannt ,Unbekannt ,,,0.0,100.0,all,,,,,,,,Approved,file:///a:\___Projekte\10429372_2023 V150 SEN WP Braderup_Tinningstedt BWP Braderup_Tinningstedt GmbH (Heinz Carstensen)\,54.821379,8.906042,245162.0,2023-06-24,3.3,4.95,244.8014822554085,SW,1.0
242,,,Wöhrden,SEN,Vestas,V162-6.2MW,10430212.0,SEN V162 WP Wöhrden (243887),AnnJo,2023-02-08 00:00:00,Repowering Wöhrden Poolgesellschaft GmbH & Co. KG,Andre Hansen,WEA 1 von 7,246036,WEA1 (064),119.0,162.0,Unbekannt,Unbekannt,Ja,"SO2: 102.4 SO5: 99.9 SO2: 103 SO5: 99.6 SO2: 102.7 SO3: 101.3 SO4: 100,5  ",,0.0,100.0,all,,,"Andreas & Michael Mohr GbR, Göser Windenergie GbR, Jacobs und Kielholz, Looft und Bröcker GmbH & Co. KG, MAW GmbH & Co. 2. Windkraft KG, Norderwöhrden Poolgesellschaft mbH, Windpark Don Quichote GmbH & Co. KG, Windpark Wischmann GmbH & Co. KG, WKN Windkraft Nord GmbH & Co. Windpark Wöhrden I KG",,,,,Approved,file:///a:\___Projekte\10430212_2023 V162 SEN WP Woehrden BGZ Fondsverwaltung (Andre Hansen)\,54.179294,9.019796,243887.0,2023-06-24,3.43,5.15,253.5061096910572,W,1.0
243,,,Wöhrden,SEN,Vestas,V162-6.2MW,10430212.0,SEN V162 WP Wöhrden (243887),AnnJo,2023-02-08 00:00:00,Repowering Wöhrden Poolgesellschaft GmbH & Co. KG,Andre Hansen,WEA 2 von 7,246037,WEA2 (065),119.0,162.0,Unbekannt,Unbekannt,Ja,,,0.0,100.0,all,,,,,,,,Approved,file:///a:\___Projekte\10430212_2023 V162 SEN WP Woehrden BGZ Fondsverwaltung (Andre Hansen)\,54.176159,9.014907,243887.0,2023-06-24,3.43,5.15,253.5061096910572,W,1.0
244,,,Wöhrden,SEN,Vestas,V162-6.2MW,10430212.0,SEN V162 WP Wöhrden (243887),AnnJo,2023-02-08 00:00:00,Repowering Wöhrden Poolgesellschaft GmbH & Co. KG,Andre Hansen,WEA 3 von 7,246038,WEA3 (066),119.0,162.0,Unbekannt,Unbekannt,Ja,,,0.0,100.0,all,,,,,,,,Approved,file:///a:\___Projekte\10430212_2023 V162 SEN WP Woehrden BGZ Fondsverwaltung (Andre Hansen)\,54.176302,9.022735,243887.0,2023-06-24,3.43,5.15,253.5061096910572,W,1.0
245,,,Wöhrden,SEN,Vestas,V162-6.2MW,10430212.0,SEN V162 WP Wöhrden (243887),AnnJo,2023-02-08 00:00:00,Repowering Wöhrden Poolgesellschaft GmbH & Co. KG,Andre Hansen,WEA 4 von 7,246039,WEA4 (067),119.0,162.0,Unbekannt ,Unbekannt ,Ja,,,0.0,100.0,all,,,,,,,,Approved,file:///a:\___Projekte\10430212_2023 V162 SEN WP Woehrden BGZ Fondsverwaltung (Andre Hansen)\,54.173194,9.017588,243887.0,2023-06-24,3.43,5.15,253.5061096910572,W,1.0
246,,,Wöhrden,SEN,Vestas,V162-6.2MW,10430212.0,SEN V162 WP Wöhrden (243887),AnnJo,2023-02-08 00:00:00,Repowering Wöhrden Poolgesellschaft GmbH & Co. KG,Andre Hansen,WEA 5 von 7,246040,WEA5 (068),119.0,162.0,Unbekannt,Unbekannt,Ja,,,0.0,100.0,all,,,,,,,,Approved,file:///a:\___Projekte\10430212_2023 V162 SEN WP Woehrden BGZ Fondsverwaltung (Andre Hansen)\,54.17304,9.02431,243887.0,2023-06-24,3.43,5.15,253.5061096910572,W,1.0
247,,,Wöhrden,SEN,Vestas,V162-6.2MW,10430212.0,SEN V162 WP Wöhrden (243887),AnnJo,2023-02-08 00:00:00,Repowering Wöhrden Poolgesellschaft GmbH & Co. KG,Andre Hansen,WEA 6 von 7,246041,WEA6 (069),119.0,162.0,Unbekannt,Unbekannt,Ja,,,0.0,100.0,all,,,,,,,,Approved,file:///a:\___Projekte\10430212_2023 V162 SEN WP Woehrden BGZ Fondsverwaltung (Andre Hansen)\,54.169321,9.022654,243887.0,2023-06-24,3.43,5.15,253.5061096910572,W,1.0
248,,,Wöhrden,SEN,Vestas,V162-6.2MW,10430212.0,SEN V162 WP Wöhrden (243887),AnnJo,2023-02-08 00:00:00,Repowering Wöhrden Poolgesellschaft GmbH & Co. KG,Andre Hansen,WEA 7 von 7,246042,WEA7 (070),119.0,162.0,Unbekannt,Unbekannt,Ja,,,0.0,100.0,all,,,,,,,,Approved,file:///a:\___Projekte\10430212_2023 V162 SEN WP Woehrden BGZ Fondsverwaltung (Andre Hansen)\,54.165718,9.02057,243887.0,2023-06-24,3.43,5.15,253.5061096910572,W,1.0
249,,,Albringhausen,SEN,Enercon ,E-160 EP5 E3 / 5560,10430226.0,SEN 6x E160EP3 Alb (242298),PhiSch,2023-02-09 00:00:00,ENERCON GmbH,Sven Bigalke,WEA 1 von 6,1603213,WP Albringhausen II Repowering WEA 6,166.6,160.0,Unbekannt ,Unbekannt ,Unbekannt ,,,5.0,16.0,all,,,,,2023-04-13 00:00:00,,,Approved,file:///a:\___Projekte\10430226_2023 E160EP3 SET Albringhausen ENERCON GmbH (Sven Bigalke)\,54.788583,8.795961,242298.0,2023-06-24,3.3,4.95,244.8014822554085,SW,0.0
257,,,Uelvesbüll,SEN,Senvion,"V115-4,1 MW",10431215.0,SEN Vens Uelvesbüll (241470),IaACruz,2023-02-27 00:00:00,Windpark Uelvesbüll GmbH,Kai Offermanns,WEA 1 von 4,,VS214-BM2-4500kW,92.5,115.0,Ja,Unbekannt,Ja,,,0.0,100.0,all,,,,,,,,Approved,file:///a:\___Projekte\10431215_2023 V115 SEN WP Uelvesbüll Cimbergy (Kai Offermanns)\,54.408917,8.938261,241470.0,2023-06-24,3.8,5.69,249.02990689955493,W,1.0
258,,,Uelvesbüll,SEN,Senvion,"V115-4,1 MW",10431215.0,SEN Vens Uelvesbüll (241470),IaACruz,2023-02-27 00:00:00,Windpark Uelvesbüll GmbH,Kai Offermanns,WEA 2 von 4,,VS215-BM4-2800kW,92.5,115.0,Ja,Unbekannt,Ja,,,0.0,100.0,all,,,,,,,,Approved,file:///a:\___Projekte\10431215_2023 V115 SEN WP Uelvesbüll Cimbergy (Kai Offermanns)\,54.405053,8.937489,241470.0,2023-06-24,3.8,5.69,249.02990689955493,W,1.0
259,,,Uelvesbüll,SEN,Senvion,"V115-4,1 MW",10431215.0,SEN Vens Uelvesbüll (241470),IaACruz,2023-02-27 00:00:00,Windpark Uelvesbüll GmbH,Kai Offermanns,WEA 3 von 4,,VS216-BM3-3100kW,92.5,115.0,Ja,Unbekannt ,Ja,,,0.0,100.0,all,,,,,,,,Approved,file:///a:\___Projekte\10431215_2023 V115 SEN WP Uelvesbüll Cimbergy (Kai Offermanns)\,54.406217,8.943908,241470.0,2023-06-24,3.8,5.69,249.02990689955493,W,1.0
260,,,Uelvesbüll,SEN,Senvion,"V115-4,1 MW",10431215.0,SEN Vens Uelvesbüll (241470),IaACruz,2023-02-27 00:00:00,Windpark Uelvesbüll GmbH,Kai Offermanns,WEA 4 von 4,,VS217-BM5-2500kW,92.5,115.0,Ja,Unbekannt ,Ja,,,0.0,100.0,all,,,,,,,,Approved,file:///a:\___Projekte\10431215_2023 V115 SEN WP Uelvesbüll Cimbergy (Kai Offermanns)\,54.409228,8.950183,241470.0,2023-06-24,3.8,5.69,249.02990689955493,W,1.0
262,,,Asch,SEN,Enercon,E82,10431580.0,SEN WP Asch E82 (245521),IaACruz,2023-03-01 00:00:00,ENERCON GmbH,Mirko Martens,WEA 1 von 2,E826801,,108.4,82.0,Unbekannt,Unbekannt,Unbekannt,,,0.0,100.0,all,,,,,,,,Approved,file:///a:\___Projekte\10431580_2023 E82 SEN WP Asch WRD (Mirko Martens)\,49.859851,12.459944,245521.0,2023-06-24,3.6,5.4,315.4982342426399,NW,1.0
263,,,Asch,SEN,Enercon,E82,10431580.0,SEN WP Asch E82 (245521),IaACruz,2023-03-01 00:00:00,ENERCON GmbH,Mirko Martens,WEA 2 von 2,E826802,,108.4,82.0,Unbekannt,Unbekannt,Unbekannt,,,0.0,100.0,all,,,,,,,,Approved,file:///a:\___Projekte\10431580_2023 E82 SEN WP Asch WRD (Mirko Martens)\,49.857786,12.461482,245521.0,2023-06-24,3.6,5.4,315.4982342426399,NW,1.0
264,,,Schlaa,SEN,Enercon,E160 EP5 E3,10432594.0,SEN WP Schlaa E-160 (244222),FelPla,2023-03-08 00:00:00,Windpark Schlaa GmbH & Co. KG,Thurid Kuhk,WEA 1 von 1,E1603200,,120.0,160.0,Unbekannt,Unbekannt,Ja,,,0.0,100.0,all,,,,,,,,Approved,file:///a:\___Projekte\10432594_2023 E160 SEN WP Schlaa nttb (Thurid Kuhk)\,54.121783,9.260774,244222.0,2023-06-24,3.43,5.15,253.5061096910572,W,1.0
265,,,Büttler Balje,SEN,Enercon,E82 E2,10433177.0,SEN SON E82 WP Bütt (246224),UlfKoc,2023-03-13 00:00:00,WTS Wind-Tuning-Systems GmbH,Klaus Röhm,WEA 1 von 2,826118,,98.0,82.0,Unbekannt ,Unbekannt ,Unbekannt ,,,0.0,100.0,all,,,,,2023-04-01 00:00:00,,,Approved,file:///a:\___Projekte\10433177_2023 E82 SEN SON WP Bütteljer Balje WTS (Klaus Röhm)\,54.151674,8.957511,246224.0,2023-06-24,4.63,6.95,263.68461079628395,W,1.0
266,,,Büttler Balje,SEN,Enercon,E82 E2,10433177.0,SEN SON E82 WP Bütt (246224),UlfKoc,2023-03-13 00:00:00,WTS Wind-Tuning-Systems GmbH,Klaus Röhm,WEA 2 von 2,826119,,98.0,82.0,Unbekannt ,Unbekannt ,Unbekannt ,,,0.0,100.0,all,,,,,2023-04-25 00:00:00,,,Approved,file:///a:\___Projekte\10433177_2023 E82 SEN SON WP Bütteljer Balje WTS (Klaus Röhm)\,54.151674,8.957511,246224.0,2023-06-24,4.63,6.95,263.68461079628395,W,1.0
270,,,Wöhrden,SET,Vestas,V162-6.2MW,10435259.0,SET Wöhrden I + II (247070),AnnJo,2023-03-28 00:00:00,Vestas Wind Systems A/S,NCN,WEA 1 von 7,V246036,WEA1,119.0,162.0,Unbekannt,Unbekannt,Unbekannt,,,0.0,100.0,all,,,,,,,,Approved,file:///a:\___Projekte\10435259_2023 V162 SET Woehrden I II Vestas DK (NCN)\,54.179294,9.019796,247070.0,2023-06-24,3.43,5.15,253.5061096910572,W,1.0
271,,,Wöhrden,SET,Vestas,V162-6.2MW,10435259.0,SET Wöhrden I + II (247070),AnnJo,2023-03-28 00:00:00,Vestas Wind Systems A/S,NCN,WEA 2 von 7,V246037,WEA2,119.0,162.0,Unbekannt,Unbekannt,Unbekannt,,,0.0,100.0,all,,,,,,,,Approved,file:///a:\___Projekte\10435259_2023 V162 SET Woehrden I II Vestas DK (NCN)\,54.176159,9.014907,247070.0,2023-06-24,3.43,5.15,253.5061096910572,W,1.0
272,,,Wöhrden,SET,Vestas,V162-6.2MW,10435259.0,SET Wöhrden I + II (247070),AnnJo,2023-03-28 00:00:00,Vestas Wind Systems A/S,NCN,WEA 3 von 7,V246038,WEA3,119.0,162.0,Unbekannt,Unbekannt,Unbekannt,,,0.0,100.0,all,,,,,,,,Approved,file:///a:\___Projekte\10435259_2023 V162 SET Woehrden I II Vestas DK (NCN)\,54.176302,9.022735,247070.0,2023-06-24,3.43,5.15,253.5061096910572,W,1.0
273,,,Wöhrden,SET,Vestas,V162-6.2MW,10435259.0,SET Wöhrden I + II (247070),AnnJo,2023-03-28 00:00:00,Vestas Wind Systems A/S,NCN,WEA 4 von 7,V246039,WEA4,119.0,162.0,Unbekannt ,Unbekannt ,Unbekannt ,,,0.0,100.0,all,,,,,2023-04-27 00:00:00,,,Approved,file:///a:\___Projekte\10435259_2023 V162 SET Woehrden I II Vestas DK (NCN)\,54.173194,9.017588,247070.0,2023-06-24,3.43,5.15,253.5061096910572,W,1.0
274,,,Wöhrden,SET,Vestas,V162-6.2MW,10435259.0,SET Wöhrden I + II (247070),AnnJo,2023-03-28 00:00:00,Vestas Wind Systems A/S,NCN,WEA 5 von 7,V246040,WEA5,119.0,162.0,Unbekannt,Unbekannt,Unbekannt,,,0.0,100.0,all,,,,,,,,Approved,file:///a:\___Projekte\10435259_2023 V162 SET Woehrden I II Vestas DK (NCN)\,54.17304,9.02431,247070.0,2023-06-24,3.43,5.15,253.5061096910572,W,1.0
275,,,Wöhrden,SET,Vestas,V162-6.2MW,10435259.0,SET Wöhrden I + II (247070),AnnJo,2023-03-28 00:00:00,Vestas Wind Systems A/S,NCN,WEA 6 von 7,V246041,WEA6,119.0,162.0,Unbekannt,Unbekannt,Unbekannt,,,0.0,100.0,all,,,,,,,,Approved,file:///a:\___Projekte\10435259_2023 V162 SET Woehrden I II Vestas DK (NCN)\,54.169321,9.022654,247070.0,2023-06-24,3.43,5.15,253.5061096910572,W,1.0
276,,,Wöhrden,SET,Vestas,V162-6.2MW,10435259.0,SET Wöhrden I + II (247070),AnnJo,2023-03-28 00:00:00,Vestas Wind Systems A/S,NCN,WEA 7 von 7,V246042,WEA7,119.0,162.0,Unbekannt,Unbekannt,Unbekannt,,,0.0,100.0,all,,,,,,,,Approved,file:///a:\___Projekte\10435259_2023 V162 SET Woehrden I II Vestas DK (NCN)\,54.165718,9.02057,247070.0,2023-06-24,3.43,5.15,253.5061096910572,W,1.0
277,,,Wöhrden,SEN,Vestas,V136-4.2MW,10436796.0,SEN WP HHU nttb (Thurid Kuhk)\,AnnJo,,Repowering Windpark HHU Pool GmbH,Thurid Kuhk,WEA 1 von 4,,,112.0,136.0,Unbekannt ,Unbekannt ,Ja ,,,0.0,100.0,all,,,,,,,,Approved,file:///a:\___Projekte\10436796_2023 V136 SEN WP HHU nttb (Thurid Kuhk)\,54.203632,8.854942,244292.0,2023-06-24,3.43,5.15,253.5061096910572,W,1.0
278,,,Wöhrden,SEN,Vestas,V136-4.2MW,10436796.0,SEN WP HHU nttb (Thurid Kuhk)\,AnnJo,,Repowering Windpark HHU Pool GmbH,Thurid Kuhk,WEA 2 von 4,,,112.0,136.0,Unbekannt,Unbekannt,Ja ,,,0.0,100.0,all,,,,,,,,Approved,file:///a:\___Projekte\10436796_2023 V136 SEN WP HHU nttb (Thurid Kuhk)\,54.199191,8.86112,244292.0,2023-06-24,3.43,5.15,253.5061096910572,W,1.0
279,,,Wöhrden,SEN,Vestas,V136-4.2MW,10436796.0,SEN WP HHU nttb (Thurid Kuhk)\,AnnJo,,Repowering Windpark HHU Pool GmbH,Thurid Kuhk,WEA 3 von 4,,,112.0,136.0,Unbekannt,Unbekannt,Ja ,,,0.0,100.0,all,,,,,,,,Approved,file:///a:\___Projekte\10436796_2023 V136 SEN WP HHU nttb (Thurid Kuhk)\,54.196454,8.856853,244292.0,2023-06-24,3.43,5.15,253.5061096910572,W,1.0
280,,,Wöhrden,SEN,Vestas,V136-4.2MW,10436796.0,SEN WP HHU nttb (Thurid Kuhk)\,AnnJo,,Repowering Windpark HHU Pool GmbH,Thurid Kuhk,WEA 4 von 4,,,112.0,136.0,Unbekannt ,Unbekannt ,Ja ,,,0.0,100.0,all,,,,,,,,Approved,file:///a:\___Projekte\10436796_2023 V136 SEN WP HHU nttb (Thurid Kuhk)\,54.200472,8.850048,244292.0,2023-06-24,3.43,5.15,253.5061096910572,W,1.0
282,,,Himmelreich,SEN,Enercon,E-115 EP E3,10437296.0,SEN WP Himmelreich WES Ibs (Erik Rühmann)\,AnnJo,2023-04-13 00:00:00,Windpark Himmelreich GmbH & Co. KG,Erik Rühmann,WEA 1 von 1,1160008,WEA 3 Süd,92.0,115.7,Unbekannt ,Unbekannt ,Unbekannt ,,,0.0,100.0,all,,,,,,,,Approved,file:///a:\___Projekte\10437296_2023 E115 SEN WP Himmelreich WES Ibs (Erik Rühmann)\,54.005972,9.091288,247183.0,2023-06-24,3.24,4.86,253.10788694169668,W,1.0
