,Priority 1-6 (low - high),Status (messklar/on hold),Messort,Art,Hersteller,WEA-Typ,Projektnumber  (link to PowerBI PM Dashboard),Projectname,DNV PM,Auftragsdatum,Kunde,"Ansprechpartner Kunde (E-Mail, phone)",WEA X von Y,Ser.-Nr.,WP-Nr.:,Hubheight,Rotordiameter,HB,LK,BImschG,Modi Liste,Beschwerdelage ja/nein Bemerkungen,min. Wind speed needed,max. Wind speed needed,bevorz.  WR (falls bekannt),Landowner of  Turbine or Measurment area,Owner of neighbour turbines which have to be shut down,Gridoperator EisMan,sonst. Bemerkungen,Messung 1 Datum/ MA,Messung 2 Datum/ MA,Messung 3 Datum/ MA.1,Stand x = close,Link project folder Acoustics,Breitengrad,Längengrad,L2C/ Salesforce (Link)
0,,,WP Thüle,SEN,Enercon,E 101 E 92,10131349,SEN E92 E101 Thüle (177279),ANISHVENU,2018-12-19,ENERCON GmbH,Joachim Schlote,WEA 1 von 3,1011464,WEA 06,149.0,101.0,Ja,Ja,Unbekannt,,,,,,,,,,2019-06-13,,,Approved,file:///A:\___Projekte\10131349_18 E 101 E 92 SEN WP Thüle Enercon GmbH (Joachim Schlote) ,52.96833,7.97623,177279.0
4,,,WP Grafeld,SEN SIM,Senvion,3.2M122 NES,10158656,SEN SIM WP Grafeld (174035),PHISCH,2018-11-15,GO Wind Projekt GmbH & Co.KG,Gerrit Dallmann,WEA 1 von 4,301575,WEA 2,139.0,122.0,Ja,Ja,Unbekannt,,,6.0,16.0,W,,,,,,,,Approved,file:///A:\___Projekte\10158656_2019 32M122 NES SEN SIM WP Grafeld GO Wind (Gerrit Dallmann) ,52.609159969087,7.649952987042,174035.0
5,1,messklar,WP Grafeld,SEN SIM,Senvion,3.2M122 NES,10158656,SEN SIM WP Grafeld (174035),PHISCH,2018-11-15,GO Wind Projekt GmbH & Co.KG,Gerrit Dallmann,WEA 2 von 4,301576,WEA 4,139.0,122.0,Ja,Ja,Unbekannt,,,6.0,16.0,W,,,,,,,,Approved,file:///A:\___Projekte\10158656_2019 32M122 NES SEN SIM WP Grafeld GO Wind (Gerrit Dallmann) ,52.612925,7.651475,174035.0
6,2,,WP Grafeld,SEN SIM,Senvion,3.2M122 NES,10158656,SEN SIM WP Grafeld (174035),PHISCH,2018-11-15,GO Wind Projekt GmbH & Co.KG,Gerrit Dallmann,WEA 3 von 4,301577,WEA 5,139.0,122.0,Ja,Ja,Unbekannt,,,6.0,16.0,W,,,,,,,,Approved,file:///A:\___Projekte\10158656_2019 32M122 NES SEN SIM WP Grafeld GO Wind (Gerrit Dallmann) ,52.610869,7.655083,174035.0
7,3,,WP Grafeld,SEN SIM,Senvion,3.2M122 NES,10158656,SEN SIM WP Grafeld (174035),PHISCH,2018-11-15,GO Wind Projekt GmbH & Co.KG,Gerrit Dallmann,WEA 4 von 4,301578,WEA 6,139.0,122.0,Ja,Ja,Unbekannt,,,6.0,16.0,W,,,,,,,,Approved,file:///A:\___Projekte\10158656_2019 32M122 NES SEN SIM WP Grafeld GO Wind (Gerrit Dallmann) ,52.609719,7.659831,174035.0
8,4,Nicht genug Infos,Hemme,SEN,ENERCON,E-70,10161597,SEN WP Hemme (182757),ANNJO,2019-06-25,ENERCON GmbH,Paul Radons,WEA 1 von 2,784125,,,,Nein,Nein,Nein,,,5.0,15.0,W,,,,,,,,Approved,file:///A:\___Projekte\10161597_2019 E_70 SEN Hemme ENERCON (Paul Radons) ,54.269514,8.953031,182757.0
9,,,Hemme,SEN,ENERCON,E-70,10161597,SEN WP Hemme (182757),ANNJO,2019-06-25,ENERCON GmbH,Paul Radons,WEA 2 von 2,784301,Anlage301,64.0,71.0,Ja,Ja,Ja,,,5.0,15.0,W,,,,,2019-12-05,,,Approved,file:///A:\___Projekte\10161597_2019 E_70 SEN Hemme ENERCON (Paul Radons) ,54.26501,8.95316,182757.0
10,,,WP Strübbel,SEN,Enercon,E-70,10169748,SEN E70 Strübbel (183228),ANNJO,2019-09-05,Hornskrug GmbH & Co. KG,Willi Paulsen,WEA 1 von 1,784302,Anlage302,64.0,71.0,Unbekannt,Unbekannt,Unbekannt,,,6.0,16.0,W,,,,,,,,Approved,file:///A:\___Projekte\10169748_2019 E_70 SEN WP Strübbel Hornskrug GmbH und Co KG (Willi Paulsen) ,54.265506,8.958083,183228.0
11,,Nicht genug Infos,Wieringerwierf NL,SET,Enercon,E-160 EP5 E1,10175590,SET E-160 Wieringerw (191528),PHISCH,2019-11-08,ENERCON GmbH,Steve Schröder,WEA 1 von 1,,,,,Unbekannt,Unbekannt,Unbekannt,,,5.0,15.0,W,,,,,,,,Approved,file:///A:\___Projekte\10175590_2019 E_160 EP5 E1 SET Wieringerwierf NL Enercon GmbH (Steve Schröder) ,52.818063,5.071106,191528.0
13,,,WP Hartenfelser Kopf,SEN,Schütz,VT 110,10189855,SEN Hartenfelser Kopf (194202),PHISCH,2020-01-24,Schütz GmbH & Co. KGaA,Jörg Klöckner,WEA 1 von 1,20081005,WEA 20,143.2,110.0,Unbekannt,Unbekannt,Unbekannt,,,5.0,15.0,W,,,,,,,,Approved,file:///A:\___Projekte\10189855_2020 VT 110 SEN WP Hartenfelser Kopf Schütz GmbH (Jörg Klöckner) ,50.621797,7.764551,194202.0
14,,,Dieksanderkoog,SEN,Enercon,E-70 E4,10205374,SEN E-70 Dieksanderkoog 783989 (197371),ANNJO,2020-03-16,ENERCON GmbH,Paul Radons,WEA 1 von 1,783989,WEA 5,85.0,71.0,Unbekannt,Unbekannt,Unbekannt,,,7.0,17.0,W,,,,,,,,Approved,file:///A:\___Projekte\10205374_2020 E_70 E4 SEN Dieksanderkoog Enercon GmbH (Paul Radons) ,53.959137,8.927004,197371.0
15,1,,Dieksanderkoog,SEN,Enercon,E-70 E4,10205384,SEN E70 E4 Dieksanderkoog 783990 (197369),ANNJO,2020-03-16,ENERCON GmbH,Paul Radons,WEA 1 von 1,783990,WEA 6,85.0,71.0,Unbekannt,Unbekannt,Unbekannt,,,7.0,17.0,W,,,,,,,,Approved,file:///A:\___Projekte\10205384_2020 E_70 E4 SEN Dieksanderkoog Enercon GmbH (Paul Radons) ,53.957307,8.927839,197369.0
16,2,Nicht genug Infos,Wittenhof,SIM,Vestas,V126,10206151,SIM Wittenhof ENER (194152),ULFKOC,2020-03-23,ENERTRAG SE,Jonas Armbröster,WEA 1 von 1,,,,,Unbekannt,Unbekannt,Ja,,,6.0,16.0,W,,,,"I_Messungen notwendig wegen hoher Vorbelastung, Telefonat mit T22 geführt",,,,Approved,file:///A:\___Projekte\10206151_2020 V126 SIM Wittenhof ENERTRAG Jonas Armröster (Jonas Armbröster) ,53.340331,13.898623,194152.0
17,3,,_Marsberg_Ersatzstandort für Janneby,SET,Enercon,E-138 EP3 E2,10212487,SET E137 EP3 E2 Janneby (200062),RICFRE,2020-05-07,ENERCON GmbH,Fabian Martens,,1380274,,,,Ja,Ja,Unbekannt,,,6.0,16.0,W,,,,,,,,Approved,,51.519506,8.824914,200062.0
18,4,,_Suederhackstedt_Ersatzstandort fuer Janneby,SET,Enercon,E-138 EP3 E2,10212487,SET E137 EP3 E2 Janneby (200062),RICFRE,2020-05-07,ENERCON GmbH,Fabian Martens,,1380456,WEA 1,111.0,138.0,,,,,,6.0,16.0,W,,,,,2022-01-20,2022-05-13,2022-06-23,Approved,,54.58004,9.27255,200062.0
19,,,Hermannsort,SET,Enercon,E-138 EP3 E2,10212487,SET E137 EP3 E2 Janneby (200062),RICFRE,2020-05-07,ENERCON GmbH,Fabian Martens,,1380722,WEA 6,81.0,138.0,Ja,Ja,Unbekannt,,,7.0,17.0,W,,,,,2022-02-22,2022-02-25,,Approved,,54.532846,9.44244,200062.0
20,,,Hermannsort,SET,Enercon,E-138 EP3 E2,10212487,SET E137 EP3 E2 Janneby (200062),RICFRE,2020-05-07,ENERCON GmbH,Fabian Martens,,1380725,WEA 4,110.8,138.0,Ja,Ja,Unbekannt,,,7.0,17.0,W,,,,,2022-07-16,,,Approved,,54.535142,9.44605,200062.0
21,,Diese Info ist Korrekt,Janneby,SET,Enercon,E138 EP3 E2,10212487,SET E137 EP3 E2 Janneby (200062),RICFRE,2020-05-07,ENERCON GmbH,Fabian Martens,WEA 1 von 2,1380324,WEA 02b,110.8,138.25,Ja,Ja,Unbekannt,,,4.0,14.0,W,,,,,,2020-06-30,,Approved,file:///A:\___Projekte\10212487_2020 E138 EP3 E2 SET Janneby Enercon GmbH (Fabian Martens) ,54.647196,9.314711,200062.0
22,,,Janneby,SET,Enercon,E-115,10212487,SET E137 EP3 E2 Janneby (200062),RICFRE,2020-05-07,ENERCON GmbH,Fabian Martens,WEA 2 von 2,1160001,WEA 02c,132.77,115.71,,,,,,5.0,15.0,W,,,,,2022-03-10,,,Approved,,54.643545,9.319456,200062.0
23,,,WP Himmelreich,SEN,Enercon,E-115 EP 3,10244887,SEN Himmelreich (201223),ANNJO,2020-05-26,Windpark Himmelreich GmbH & Co. KG,Jan Heckens,WEA 1 von 3,1160006,WEA 1 Nordwest,92.0,116.0,Ja,Ja,Ja,,,6.0,16.0,"W, SW",,,,,2023-03-03,,,Approved,file:///A:\___Projekte\10244887_2020 E_115 EP 3 SEN WP Himmelreich WES Ibs (Jan Heckens) ,54.009047,9.089936,201223.0
24,,,WP Himmelreich,SEN,Enercon,E-115 EP 3,10244887,SEN Himmelreich (201223),ANNJO,2020-05-26,Windpark Himmelreich GmbH & Co. KG,Jan Heckens,WEA 2 von 3,1160007,WEA 2 Nordost,92.0,116.0,Unbekannt,Unbekannt,Unbekannt,,,6.0,16.0,"W, SW",,,,,,,,Approved,file:///A:\___Projekte\10244887_2020 E_115 EP 3 SEN WP Himmelreich WES Ibs (Jan Heckens) ,54.008342,9.095275,201223.0
25,,,WP Himmelreich,SEN,Enercon,E-115 EP 3,10244887,SEN Himmelreich (201223),ANNJO,2020-05-26,Windpark Himmelreich GmbH & Co. KG,Jan Heckens,WEA 3 von 3,1160008,WEA 3 Süd,92.0,116.0,Ja,Unbekannt,Unbekannt,,,6.0,16.0,W,,,,,2022-01-19,,,Approved,file:///A:\___Projekte\10244887_2020 E_115 EP 3 SEN WP Himmelreich WES Ibs (Jan Heckens) ,54.00597,9.09129,201223.0
26,,,WP Uetze,SEN,Siemens Gamesa,SWT 113,10250470,SEN SWT 113 WP Uetze (200775),PHISCH,2020-07-01,REON Aktiengesellschaft,Florian Massante,WEA 1 von 3,3201101,WEA14,115.0,113.0,Unbekannt,Unbekannt,Unbekannt,,,5.0,15.0,"W, SW",,,,,2021-04-22,,,Approved,file:///A:\___Projekte\10250470_2020 SWT 113 SEN WP Uetze REON (Florian Massante) ,52.451269,10.156069,200775.0
27,,,WP Uetze,SEN,Siemens Gamesa,SWT 113,10250470,SEN SWT 113 WP Uetze (200775),PHISCH,2020-07-01,REON Aktiengesellschaft,Florian Massante,WEA 2 von 3,3201100,WEA15,127.5,113.0,Unbekannt,Unbekannt,Unbekannt,,,5.0,15.0,"W, SW",,,,,2021-04-22,,,Approved,file:///A:\___Projekte\10250470_2020 SWT 113 SEN WP Uetze REON (Florian Massante) ,52.448022,10.159886,200775.0
28,,,WP Uetze,SEN,Siemens Gamesa,SWT 113,10250470,SEN SWT 113 WP Uetze (200775),PHISCH,2020-07-01,REON Aktiengesellschaft,Florian Massante,WEA 3 von 3,3201102,WEA16,115.0,113.0,Unbekannt,Unbekannt,Unbekannt,,,5.0,15.0,"W, SW",,,,,,,,Approved,file:///A:\___Projekte\10250470_2020 SWT 113 SEN WP Uetze REON (Florian Massante) ,52.451425,10.163094,200775.0
29,,,Wilhelmshaven Westerhausen II,SEN,Vestas,V112,10253216,SEN V112 Wilhelmshaven V209248 (205848),PHISCH,2019-11-04,Vestas Deutschland GmbH,Helge Schnehle,WEA 1 von 1,V209248,,94.0,112.0,Ja,Ja,Unbekannt,,,6.0,16.0,W,,,,,2021-04-23,2022-11-02,2022-03-16,Approved,file:///A:\___Projekte\10253216_2020 V112 SEN Wilhelmshaven Westerhausen II Vestas D (Helge Schnehle) ,53.60675833,8.041122222,205848.0
30,,,WP Falkenhagen und Güstow,SEN,Enercon ,E-126 EP3 ,10270195,SEN E126 Falkenhagen (209288),PHISCH,2020-12-07,Denker & Wulf AG,Jürgen Schwarz,WEA 1 von 8,1250208,WEA F1,135.0,127.0,Unbekannt,Unbekannt,Unbekannt,,,5.0,15.0,W,,,,,2021-09-24,,,Approved,file:///A:\___Projekte\10270195_2020 E126 N149 SEN WP Falkenhagen und Güstow Denker und Wulf AG (Jürgen Schwarz) ,53.345717,13.754303,209288.0
31,,,WP Falkenhagen und Güstow,SEN,Enercon ,E-126 EP3 ,10270195,SEN E126 Falkenhagen (209288),PHISCH,2020-12-07,Denker & Wulf AG,Jürgen Schwarz,WEA 2 von 8,1250209,WEA F2,135.0,127.0,Unbekannt,Unbekannt,Unbekannt,,,5.0,15.0,W,,,,,2023-02-21,,,Approved,file:///A:\___Projekte\10270195_2020 E126 N149 SEN WP Falkenhagen und Güstow Denker und Wulf AG (Jürgen Schwarz) ,53.34314,13.752906,209288.0
32,,,WP Falkenhagen und Güstow,SEN,Enercon ,E-126 EP3 ,10270195,SEN E126 Falkenhagen (209288),PHISCH,2020-12-07,Denker & Wulf AG,Jürgen Schwarz,WEA 3 von 8,1250210,WEA F3,135.0,127.0,Unbekannt,Unbekannt,Unbekannt,,,5.0,15.0,W,,,,,2021-09-24,,,Approved,file:///A:\___Projekte\10270195_2020 E126 N149 SEN WP Falkenhagen und Güstow Denker und Wulf AG (Jürgen Schwarz) ,53.341119,13.757381,209288.0
38,,,WP KWK,SEN,Enercon,E70 E4,10284617,SEN E70 E4 783823 (212170),ANNJO,2021-02-11,ENERCON GmbH,Alexander Winter,WEA 1 von 1,783823,WEA1,64.0,71.0,Unbekannt,ja,Ja,,,5.0,15.0,W,,,,,,,,Approved,file:///A:\___Projekte\10284617_2021 E70 E4 SEN WP KWK Enercon GmbH (Alexander Winter) ,53.95114,8.913023,212170.0
39,,,WP Mittelberg,SEN,Vestas,V112,10285125,SEN V112 WP Mittelberg (212561),PHISCH,2021-02-18,deag Energie GmbH & Co. 17 KG,Gisela Rauschen,WEA 1 von 1,V231218,WEA 3,119.0,112.0,Unbekannt,Ja,Ja,,,6.0,16.0,W,,,,,,,,Approved,file:///A:\___Projekte\10285125_2021 V112 SEN WP Mittelberg deag Energie GmbH (Gisela Rauschen) ,51.56805,8.817701,212561.0
40,,,WP Norderland Ochtersum II,SEN,Enercon,E115,10286596,SEN E115 WP Norderland Ochtersum II (212800),PHISCH,2021-03-02,Windpark Norderland GmbH & Co. KG Ochtersum II,Christian Kubitschek,WEA 1 von 1,1150578,WEA O02,135.0,115.0,Ja,Ja,Ja,,,6.0,16.0,W,,,,,2022-11-10,,,Approved,file:///A:\___Projekte\10286596_2021 E115 SEN WP Norderland Ochtersum II Norderland GmbH (Christian Kubitschek) ,53.623737,7.518609,212800.0
41,,,WP Ochtersum III,SEN,Enercon,E115,10286597,SEN E115 WP Norderland Ochtersum III (212801),PHISCH,2021-03-02,Windpark Norderland GmbH & Co. KG Ochtersum III,Christian Kubitschek,WEA 1 von 1,1150580,WEA O04,135.0,115.0,Ja,Ja,Ja,,,6.0,16.0,W,,,,,2022-11-10,,,Approved,file:///A:\___Projekte\10286597_2021 E115 SEN WP Ochtersum III Norderland GbmH (Christian Kubitschek) ,53.618161,7.517534,212801.0
42,,,WP Ochtersum I,SEN,Enercon ,E115,10286599,SEN E115 WP Norderland Ochtersum I (212799),PHISCH,2021-03-02,Windpark Norderland GmbH & Co. KG Ochtersum I,Christian Kubitschek,WEA 1 von 1,1150587,WEA O13,92.0,115.0,Ja,Unbekannt,Ja,,,6.0,16.0,W,,,,,2022-11-10,,,Approved,file:///A:\___Projekte\10286599_2021 E115 SEN WP Ochtersum I Norderland GmbH (Christian Kubitschek) ,53.619224,7.539623,212799.0
43,,,WP Blomberg Neuschloo I,SEN,Enercon,E115,10286603,SEN E 115 Norderland Neuschoo (212802),PHISCH,2021-03-02,Windpark Norderland GmbH & Co. KG Blomberg/Neuschoo I,Christian Kubitschek,WEA 1 von 2,1150509,WEA N1v,135.0,115.0,Ja,Ja,Unbekannt,,,7.0,17.0,W,,,,,2022-05-13,,,Approved,file:///A:\___Projekte\10286603_2021 E115 SEN WP Blomberg Neuschloo I Norderland GmbH (Christian Kubitschek) ,53.553259,7.502683,212802.0
45,,Informationen sind nicht vollständig.,Mönchhof Linkamp AT,SEN SIM,GE,3.6,10289754,SEN GE Gols Mönchhof (210822),ARNJEN,2021-03-29,GE Renewable Austria GmbH,Philip Wichterich,WEA 1 von 8,55206472,GM21,,,Unbekannt,Unbekannt,Unbekannt,,,6.0,16.0,W,,,,,,,,Approved,file:///A:\___Projekte\10289754_2021 36 SEN SIM Mönchhof Linkamp AT GE (Philip Wichterich) ,47.917124,16.944878,210822.0
46,,,Mönchhof Linkamp AT,SEN SIM,GE,3.6,10289754,SEN GE Gols Mönchhof (210822),ARNJEN,2021-03-29,GE Renewable Austria GmbH,Philip Wichterich,WEA 2 von 8,55206473,GM22,,,Unbekannt,Unbekannt,Unbekannt,,,6.0,16.0,W,,,,,,,,Approved,file:///A:\___Projekte\10289754_2021 36 SEN SIM Mönchhof Linkamp AT GE (Philip Wichterich) ,47.91328,16.951838,210822.0
47,,,Mönchhof Linkamp AT,SEN SIM,GE,3.6,10289754,SEN GE Gols Mönchhof (210822),ARNJEN,2021-03-29,GE Renewable Austria GmbH,Philip Wichterich,WEA 3 von 8,55206453,GM23,,,Unbekannt,Unbekannt,Unbekannt,,,6.0,16.0,W,,,,,,,,Approved,file:///A:\___Projekte\10289754_2021 36 SEN SIM Mönchhof Linkamp AT GE (Philip Wichterich) ,47.918421,16.935281,210822.0
48,,,Mönchhof Linkamp AT,SEN SIM,GE,3.6,10289754,SEN GE Gols Mönchhof (210822),ARNJEN,2021-03-29,GE Renewable Austria GmbH,Philip Wichterich,WEA 4 von 8,55206454,GM24,,,Unbekannt,Unbekannt,Unbekannt,,,6.0,16.0,W,,,,,,,,Approved,file:///A:\___Projekte\10289754_2021 36 SEN SIM Mönchhof Linkamp AT GE (Philip Wichterich) ,47.914331,16.941007,210822.0
49,,,Mönchhof Linkamp AT,SEN SIM,GE,3.6,10289754,SEN GE Gols Mönchhof (210822),ARNJEN,2021-03-29,GE Renewable Austria GmbH,Philip Wichterich,WEA 5 von 8,55206455,GM25,,,Unbekannt,Unbekannt,Unbekannt,,,6.0,16.0,W,,,,,,,,Approved,file:///A:\___Projekte\10289754_2021 36 SEN SIM Mönchhof Linkamp AT GE (Philip Wichterich) ,47.912342,16.946148,210822.0
50,,,Mönchhof Linkamp AT,SEN SIM,GE,3.6,10289754,SEN GE Gols Mönchhof (210822),ARNJEN,2021-03-29,GE Renewable Austria GmbH,Philip Wichterich,WEA 6 von 8,,GM26,,,Unbekannt,Unbekannt,Unbekannt,,,6.0,16.0,W,,,,,,,,Approved,file:///A:\___Projekte\10289754_2021 36 SEN SIM Mönchhof Linkamp AT GE (Philip Wichterich) ,47.9084,16.95083,210822.0
51,,,Mönchhof Linkamp AT,SEN SIM,GE,3.6,10289754,SEN GE Gols Mönchhof (210822),ARNJEN,2021-03-29,GE Renewable Austria GmbH,Philip Wichterich,WEA 7 von 8,55206448,,,,Unbekannt,Unbekannt,Unbekannt,,,6.0,16.0,W,,,,,,,,Approved,file:///A:\___Projekte\10289754_2021 36 SEN SIM Mönchhof Linkamp AT GE (Philip Wichterich) ,47.905281,16.955734,210822.0
53,,,WP Bütteler Balje,SEN SON,Enercon,E82,10290963,SEN SON WTS Serration (213558),ULFKOC,2021-04-06,WTS Wind-Tuning-Systems GmbH,Klaus Röhm,WEA 1 von 1,E826119,WEA 5,84.5,82.0,Unbekannt,Unbekannt,Unbekannt,,,6.0,16.0,W,,,,,2022-02-25,2022-06-07,2022-09-13,Approved,file:///A:\___Projekte\10290963_2021 E82 SEN SON WP Bütteler Balje WTS (Klaus Röhm) ,54.150199,8.954711,213558.0
54,,,Olderup,SEN,Vestas,V117,10303356,SEN V117 Olderup II (217426),RICFRE,2021-07-08,Windpark II Olderup GmbH & Co. KG,Karina Ingwersen,WEA 1 von 1,218962,,91.5,117.0,Unbekannt,Ja,Ja,,,5.0,15.0,W,,,,,2023-02-10,,,Approved,file:///A:\___Projekte\10303356_2021 V117 SEN Olderup Windpark II Olderup GmbH und Co KG (Karina Ingwersen) ,54.527175,9.093228,217426.0
55,,,WP Biegen,SEN,Vestas,V136,10304360,SEN V136 Biegen WPD (217564),JOPRZ,2021-07-16,wpd windmanager GmbH & Co. KG,Margot Petersen-Jaenicke,WEA 1 von 2,236762,WEA03,149.0,136.0,Ja,Ja,Ja,,,7.0,17.0,W,,,,,2022-10-14,2023-01-13,,Approved,file:///A:\___Projekte\10304360_2021 V136 SEN WP Biegen WPD (Margot Petersen_Jaenicke) ,52.306794,14.382808,217564.0
56,,,WP Biegen,SEN,Vestas,V136,10304360,SEN V136 Biegen WPD (217564),JOPRZ,2021-07-16,wpd windmanager GmbH & Co. KG,Margot Petersen-Jaenicke,WEA 2 von 2,236760,WEA01,149.0,136.0,Ja,Ja,Ja,,,7.0,17.0,W,,,,,2023-01-13,,,Approved,file:///A:\___Projekte\10304360_2021 V136 SEN WP Biegen WPD (Margot Petersen_Jaenicke) ,52.30393,14.386941,217564.0
57,,,Reußenköge,SET,Vestas,V112,10307415,SET V210165 Reußenk (220242),ULMR,2021-08-24,Vestas Deutschland GmbH,Helge Schnehle,WEA 1 von 1,V210165,,94.0,112.0,Unbekannt,Unbekannt,Unbekannt,,,6.0,16.0,W,,,,,2021-07-30,,,Approved,file:///A:\___Projekte\10307415_2021 V112 SET Reußenköge Vestas (Helge Schnehle) ,54.619877,8.89624,220242.0
58,,,KWK,SEN,Enercon,E115,10307971,SEN E115 KW-Koog (210762),ULFKOC,2021-08-27,et marschland GmbH & CO. KG,Jan Heckens,WEA 1 von 1,E1160069,,92.0,115.71,Unbekannt,Ja,Ja,,,6.0,16.0,W,,,,,,,,Approved,file:///A:\___Projekte\10307971_2021 E115 SEN KWK WES Ibs (Jan Heckens) ,53.951897,8.929493,210762.0
59,,,Miltzow,SEN,Vestas,V90,10308233,SEN Miltzow 205788 (220469),JOPRZ,2021-08-23,Vestas Deutschland GmbH,Helge Schnehle,WEA 1 von 1,V205788,WEA 01,105.0,90.0,Ja,Ja,Unbekannt,,,6.0,16.0,W,,,,,2022-01-05,,,Approved,file:///A:\___Projekte\10308233_2021 V90 SEN Miltzow Vestas D (Helge Schnehle) ,54.195926,13.164507,220469.0
60,,,WP Neuenkirchen,SEN,Enercon,E115,10308234,SEN WP Neuenkirchen (201557),ULMR,2021-09-01,WES IBS Betriebsführungs- und Verwaltungs GmbH,Jan Heckens,WEA 1 von 1,E1160084,,122.0,116.0,Ja,Ja,Ja,,,6.0,16.0,W,,,,,,2023-03-23,,Approved,file:///A:\___Projekte\10308234_2021 E115 SEN WP Neuenkirchen WES Ibs (Jan Heckens) ,54.252919,8.956609,201557.0
61,,,Dagebüll,SEN,Vestas,V112,10309140,SEN V235642 Dagebüll (220914),RICFRE,2021-09-09,Vestas Deutschland GmbH,Helge Schnehle,WEA 1 von 1,V235642,WEA 9,112.0,136.0,Unbekannt,Unbekannt,Unbekannt,,,6.0,16.0,W,,,,,2021-09-16,2021-12-08,,Approved,file:///A:\___Projekte\10309140_2021 V112 SEN Dagebüll Vestas D (Helge Schnehle) ,54.72787,8.751881,220914.0
62,,Das ist nicht klar,WP Brest,SEN LZM,Vestas,EVENTUS 150,10312637,SEN WP Brest (221498),ULFKOC,2021-10-01,Vestas Deutschland GmbH,Helge Schnehle,WEA 1 von 1,,,,,Unbekannt,Unbekannt,Unbekannt,,,6.0,16.0,W,,,,,,,,Approved,file:///A:\___Projekte\10312637_2021 EVENTUS 150 SEN LZM WP Brest Vestas D (Helge Schnehle) ,53.437969,9.391169,221498.0
64,,,WP Achim Bollen,SEN,Vestas,V150,10324767,SEN 3x V150 WP Achim (222575),PHISCH,2021-11-19,wpd windmanager technik GmbH,Margot Petersen-Jaenicke,WEA 1 von 3,237457,WEA 1,166.0,150.0,Unbekannt,Ja,Unbekannt,,,6.0,16.0,W,,,,,,,,Approved,file:///A:\___Projekte\10324767_2021 V150 SEN WP Achim Bollen wpd (Margot Petersen_Jaenicke) ,53.0238,8.94868,222575.0
65,,,WP Achim Bollen,SEN,Vestas,V150,10324767,SEN 3x V150 WP Achim (222575),PHISCH,2021-11-19,wpd windmanager technik GmbH,Margot Petersen-Jaenicke,WEA 2 von 3,237458,WEA 2,166.0,150.0,Ja,Ja,Unbekannt,,,6.0,16.0,W,,,,,,,,Approved,file:///A:\___Projekte\10324767_2021 V150 SEN WP Achim Bollen wpd (Margot Petersen_Jaenicke) ,53.0216,8.94175,222575.0
66,,,WP Achim Bollen,SEN,Vestas,V150,10324767,SEN 3x V150 WP Achim (222575),PHISCH,2021-11-19,wpd windmanager technik GmbH,Margot Petersen-Jaenicke,WEA 3 von 3,237459,WEA 3,166.0,150.0,Unbekannt,Ja,Unbekannt,,,6.0,16.0,W,,,,,,,,Approved,file:///A:\___Projekte\10324767_2021 V150 SEN WP Achim Bollen wpd (Margot Petersen_Jaenicke) ,53.0184,8.94721,222575.0
67,,,WP Holstentor,SEN,Nordex,N149,10326380,SEN WP Holstentor (221970),ULFKOC,2021-12-02,Pavana GmbH,Lars Levermann,WEA 1 von 3,89347,WEA 01 ,125.4,149.1,Ja,Ja,Ja,,,5.0,15.0,W,,,,,2022-11-07,,,Approved,file:///A:\___Projekte\10326380_2021 N149 SEN WP Holstentor Pavana GmbH (Lars Levermann) ,54.149017,9.442548,221970.0
68,,,WP Holstentor,SEN,Nordex,N149,10326380,SEN WP Holstentor (221970),ULFKOC,2021-12-02,Pavana GmbH,Lars Levermann,WEA 2 von 3,89346,WEA 02 ,125.4,149.1,Ja,Ja,Ja,,,5.0,15.0,W,,,,,2022-02-14,2022-11-07,,Approved,file:///A:\___Projekte\10326380_2021 N149 SEN WP Holstentor Pavana GmbH (Lars Levermann) ,54.146072,9.439194,221970.0
69,,,WP Holstentor,SEN,Nordex,N149,10326380,SEN WP Holstentor (221970),ULFKOC,2021-12-02,Pavana GmbH,Lars Levermann,WEA 3 von 3,89345,WEA 03,125.4,149.1,Ja,Ja,Ja,,,5.0,15.0,W,,,,,2022-02-14,,,Approved,file:///A:\___Projekte\10326380_2021 N149 SEN WP Holstentor Pavana GmbH (Lars Levermann) ,54.143737,9.433597,221970.0
70,,,WP Veer Dörper,SEN,Enercon,E70,10327765,SEN Veer Dörper E70 (223725),ULMR,2021-12-13,Bürgerwindpark Veer Dörper GmbH & Co. KG,Mike Wolf,WEA 1 von 2,784328,WEA07,64.0,71.0,Unbekannt,Unbekannt,Ja,,,5.0,15.0,W,,,,,2022-02-15,,,Approved,file:///A:\___Projekte\10327765_2021 E70 SEN WP Veer Dörper WEB Andresen (Mike Wolf) ,54.655621,9.166116,223725.0
71,,,WP Veer Dörper,SEN,Enercon,E70,10327765,SEN Veer Dörper E70 (223725),ULMR,2021-12-13,Bürgerwindpark Veer Dörper GmbH & Co. KG,Mike Wolf,WEA 2 von 2,784329,WEA09,64.0,71.0,Unbekannt,Unbekannt,Ja,,,5.0,15.0,W,,,,,2022-02-15,,,Approved,file:///A:\___Projekte\10327765_2021 E70 SEN WP Veer Dörper WEB Andresen (Mike Wolf) ,54.655103,9.169989,223725.0
72,,,WP Biegen,SEN,Enercon,E138,10327784,SEN WP Biegen (222843),JOPRZ,2021-12-08,Windmüllerei Biegen Infrastruktur GmbH & Co. KG,Falk Leibner,WEA 1 von 3,1380611,WEA1,160.0,138.0,Ja,Ja,Unbekannt,,,5.0,15.0,E,,,,,2023-02-17,,,Approved,file:///A:\___Projekte\10327784_2021 E138 SEN WP Biegen Windmüllerei  (Falk Leibner) ,52.298333,14.377883,222843.0
73,,,WP Biegen,SEN,Enercon,E138,10327784,SEN WP Biegen (222843),JOPRZ,2021-12-08,Windmüllerei Biegen Infrastruktur GmbH & Co. KG,Falk Leibner,WEA 2 von 3,1380608,WEA4,160.0,138.0,Ja,Ja,Unbekannt,,,5.0,15.0,E,,,,,2023-02-17,,,Approved,file:///A:\___Projekte\10327784_2021 E138 SEN WP Biegen Windmüllerei  (Falk Leibner) ,52.295628,14.380911,222843.0
74,,,WP Biegen,SEN,Enercon,E138,10327784,SEN WP Biegen (222843),JOPRZ,2021-12-08,Windmüllerei Biegen Infrastruktur GmbH & Co. KG,Falk Leibner,WEA 3 von 3,1380591,WEA7,160.0,138.0,Ja,Ja,Ja,,,5.0,15.0,E,,,,,2023-01-13,,,Approved,file:///A:\___Projekte\10327784_2021 E138 SEN WP Biegen Windmüllerei  (Falk Leibner) ,52.295297,14.386622,222843.0
75,,,WP Adensen,SEN,Vestas,V126,10327884,SEN WP Adensen (222220),JOPRZ,2021-12-13,Pavana GmbH,Tobias Leopold,WEA 1 von 2,V244054,WEA1,137.0,126.0,Unbekannt,Unbekannt,Unbekannt,,,5.0,15.0,E,,,,,,,,,file:///A:\___Projekte\10327884_2021 V126 SEN WP Adensen Pavana GmbH (Tobias Leopold) ,52.189182,9.728464,222220.0
76,,,WP Adensen,SEN,Vestas,V126,10327884,SEN WP Adensen (222220),JOPRZ,2021-12-13,Pavana GmbH,Tobias Leopold,WEA 2 von 2,V244055,WEA2,137.0,126.0,Unbekannt,Unbekannt,Unbekannt,,,5.0,15.0,E,,,,,,,,,file:///A:\___Projekte\10327884_2021 V126 SEN WP Adensen Pavana GmbH (Tobias Leopold) ,52.186123,9.741725,222220.0
77,,,WP Bollingstedt,SEN,Vestas,V150,10328127,SEN WP Bollingstedt (224865),RICFRE,2021-12-14,Vestas Wind Systems A/S,NCN,WEA 1 von 3,V237986,NW01,125.0,150.0,Unbekannt,Ja,Ja,,,5.0,15.0,E,,,,,2021-12-18,2022-01-05,,Approved,file:///A:\___Projekte\10328127_2021 V150 SEN WP Bollingstedt Vestas DK (NCN) ,54.61938,9.41527,224865.0
78,,,WP Bollingstedt,SEN,Vestas,V150,10328127,SEN WP Bollingstedt (224865),RICFRE,2021-12-14,Vestas Wind Systems A/S,NCN,WEA 2 von 3,V237987,C01,125.0,150.0,Unbekannt,Ja,Ja,,,5.0,15.0,E,,,,,2022-01-17,2022-02-05,,Approved,file:///A:\___Projekte\10328127_2021 V150 SEN WP Bollingstedt Vestas DK (NCN) ,54.612765,9.419857,224865.0
79,,,WP Bollingstedt,SEN,Vestas,V150,10328127,SEN WP Bollingstedt (224865),RICFRE,2021-12-14,Vestas Wind Systems A/S,NCN,WEA 3 von 3,V237988,C04,125.0,150.0,Unbekannt,Unbekannt,Unbekannt,,,5.0,15.0,E,,,,,2022-01-20,2022-05-12,,Approved,file:///A:\___Projekte\10328127_2021 V150 SEN WP Bollingstedt Vestas DK (NCN) ,54.613067,9.426803,224865.0
80,,,WP Hermannsort,SEN,Enercon,E138,10328264,SEN E138 Hermannsort (224392),RICFRE,2021-12-16,Hermannsort Wind UG (haftungsbeschränkt) & Co. KG,Jann Carstens,WEA 1 von 4,1380723,WEA 3,110.8,,Ja,Ja,Ja,,,5.0,15.0,E,,,,,2022-02-21,,,Approved,file:///A:\___Projekte\10328264_2021 E138 SEN WP Hermannsort nttb (Jann Carstens) ,54.53684,9.44137,224392.0
81,,,WP Hermannsort,SEN,Enercon,E138,10328264,SEN E138 Hermannsort (224392),RICFRE,2021-12-16,Hermannsort Wind UG (haftungsbeschränkt) & Co. KG,Jann Carstens,WEA 2 von 4,1380725,WEA 4,110.8,138.0,Unbekannt,Unbekannt,Ja,,,5.0,15.0,E,,,,,2022-07-13,2023-04-25,,Approved,file:///A:\___Projekte\10328264_2021 E138 SEN WP Hermannsort nttb (Jann Carstens) ,54.535124,9.446034,224392.0
82,,,WP Hermannsort,SEN,Enercon,E138,10328264,SEN E138 Hermannsort (224392),RICFRE,2021-12-16,Hermannsort Wind UG (haftungsbeschränkt) & Co. KG,Jann Carstens,WEA 3 von 4,1380724,WEA 5,80.8,138.0,Unbekannt,Unbekannt,Ja,,,5.0,15.0,E,,,,,2022-07-13,2023-04-25,,Approved,file:///A:\___Projekte\10328264_2021 E138 SEN WP Hermannsort nttb (Jann Carstens) ,54.533097,9.44986,224392.0
83,,,WP Hermannsort,SEN,Enercon,E138,10328264,SEN E138 Hermannsort (224392),RICFRE,2021-12-16,Hermannsort Wind UG (haftungsbeschränkt) & Co. KG,Jann Carstens,WEA 4 von 4,1380722,WEA 6,80.8,138.0,Ja,Ja,Ja,,,5.0,15.0,E,,,,,2022-05-21,,,Approved,file:///A:\___Projekte\10328264_2021 E138 SEN WP Hermannsort nttb (Jann Carstens) ,54.532792,9.442393,224392.0
84,,,Obere Arlau II,SEN,Vestas,V150,10330675,SEN Obere Arlau II (224904),ULMR,2022-01-04,Bürgerwindpark Obere Arlau II Planungs-GmbH & Co. KG,Florian Steinmetz,WEA 1 von 1,,WEA 1,125.0,150.0,Unbekannt,Unbekannt,Ja,,,5.0,15.0,E,,,,,,,,Approved,file:///A:\___Projekte\10330675_2022 V150 SEN Obere Arlau II Cimbergy (Florian Steinmetz) ,54.609277,9.157969,224904.0
85,,Kein Info,Chile,SET,Nordex,N149,10331043,SEN N149 Chile (224784),ULMR,2022-01-04,ENERGIA EOLICA LOS OLMOS SPA,Renato Loureiro Goncalves,WEA 1 von 3,NX87494,,,,Unbekannt,Unbekannt,Unbekannt,,,5.0,15.0,E,,,,,,,,Approved,file:///A:\___Projekte\10331043_2022 N149 SET Chile Energia Eolica los Olmos SPA (Renato Loureiro Goncalves) ,-37.672547,-72.477086,224784.0
86,,,Chile,SET,Nordex,N149,10331043,SEN N149 Chile (224784),ULMR,2022-01-04,ENERGIA EOLICA LOS OLMOS SPA,Renato Loureiro Goncalves,WEA 2 von 3,NX87510,,,,Unbekannt,Unbekannt,Unbekannt,,,5.0,15.0,E,,,,,,,,Approved,file:///A:\___Projekte\10331043_2022 N149 SET Chile Energia Eolica los Olmos SPA (Renato Loureiro Goncalves) ,-37.535328,-72.464844,224784.0
87,,,Chile,SET,Nordex,N149,10331043,SEN N149 Chile (224784),ULMR,2022-01-04,ENERGIA EOLICA LOS OLMOS SPA,Renato Loureiro Goncalves,WEA 3 von 3,NX87499,,,,Unbekannt,Unbekannt,Unbekannt,,,5.0,15.0,E,,,,,,,,Approved,file:///A:\___Projekte\10331043_2022 N149 SET Chile Energia Eolica los Olmos SPA (Renato Loureiro Goncalves) ,-37.674769,-72.450793,224784.0
88,,,Wehrhain,SEN,Vestas,V90,10332386,SEN 2xV90 Wehrhain (221997),RICFRE,2022-01-06,Pavana GmbH,Lars Levermann,WEA 1 von 2,31304,WP-Wehrhain (1),105.0,90.0,Unbekannt,Unbekannt,Unbekannt,,,5.0,15.0,E,,,,,,,,Approved,file:///A:\___Projekte\10332386_2022 V90 SEN Wehrhain Pavana GmbH (Lars Levermann) ,51.73372,13.406968,221997.0
89,,,Wehrhain,SEN,Vestas,V90,10332386,SEN 2xV90 Wehrhain (221997),RICFRE,2022-01-06,Pavana GmbH,Lars Levermann,WEA 2 von 2,31302,WP-Wehrhain (8),105.0,90.0,Unbekannt,Unbekannt,Unbekannt,,,5.0,15.0,E,,,,,,,,Approved,file:///A:\___Projekte\10332386_2022 V90 SEN Wehrhain Pavana GmbH (Lars Levermann) ,51.731381,13.403202,221997.0
94,,,Kattrepel II,SEN,ENERCON,E-115 EP3 E3,10338496,SEN Kattrepel II (221253),RICFRE,2022-02-03,Denker & Wulf AG,Steffen Lehnert,WEA 1 von 4,,WEA 09,149.0,115.71,Unbekannt,Unbekannt,Ja,,,5.0,15.0,E,,,,,,,,Approved,file:///A:\___Projekte\10338496_2022  SEN Kattrepel II DenkerundWulf (Steffen Lehnert) ,53.923786,9.063454,221253.0
95,,,Kattrepel II,SEN,ENERCON,E-115 EP3 E3,10338496,SEN Kattrepel II (221253),RICFRE,2022-02-03,Denker & Wulf AG,Steffen Lehnert,WEA 2 von 4,,WEA 10,149.0,115.71,Unbekannt,Unbekannt,Ja,,,5.0,15.0,E,,,,,,,,Approved,file:///A:\___Projekte\10338496_2022  SEN Kattrepel II DenkerundWulf (Steffen Lehnert) ,53.92177,9.069588,221253.0
96,,,Kattrepel II,SEN,ENERCON,E-115 EP3 E3,10338496,SEN Kattrepel II (221253),RICFRE,2022-02-03,Denker & Wulf AG,Steffen Lehnert,WEA 3 von 4,,WEA 11,149.0,115.71,Unbekannt,Unbekannt,Ja,,,5.0,15.0,E,,,,,,,,Approved,file:///A:\___Projekte\10338496_2022  SEN Kattrepel II DenkerundWulf (Steffen Lehnert) ,53.921188,9.064943,221253.0
97,,,Kattrepel II,SEN,ENERCON,E-115 EP3 E3,10338496,SEN Kattrepel II (221253),RICFRE,2022-02-03,Denker & Wulf AG,Steffen Lehnert,WEA 4 von 4,1160028,WEA 12,135.01,115.71,Unbekannt,Unbekannt,Ja,,,5.0,15.0,E,,,,,,,,Approved,file:///A:\___Projekte\10338496_2022  SEN Kattrepel II DenkerundWulf (Steffen Lehnert) ,53.918619,9.061833,221253.0
98,,,Schneebergerhof,SEN,Vestas,V126,10339561,SEN AP Schneeberger Hof (228353),JOPRZ,2022-02-15,Vestas Deutschland GmbH,Jannika Binder,WEA 1 von 1,V227281,WEA 03,149.0,126.0,Unbekannt,Ja,Unbekannt,,,5.0,15.0,E,,,,,,,,Approved,file:///A:\___Projekte\10339561_2022 V126 SEN Schneebergerhof Vestas D (Jannika Binder) ,49.672422,7.915265,228353.0
99,,,Dagebüll,SEN,Vestas,V136,10340001,SEM V136 Dagebüll (228467),ULMR,2022-02-17,Greendyke Energy Dagebüll GmbH & Co. KG,Stefan Petschull,WEA 1 von 6,V235639,WEA 06,112.0,136.0,Unbekannt,Unbekannt,Unbekannt,,,5.0,15.0,E,,,,,2023-03-17,,,Approved,file:///A:\___Projekte\10340001_2022 V136 SEN Dagebüll GeBePro (Stefan Petschull) ,54.733178,8.755157,228467.0
100,,,Dagebüll,SEN,Vestas,V136,10340001,SEM V136 Dagebüll (228467),ULMR,2022-02-17,Greendyke Energy Dagebüll GmbH & Co. KG,Stefan Petschull,WEA 2 von 6,V235640,WEA 07,112.0,136.0,Unbekannt,Unbekannt,Unbekannt,,,5.0,15.0,E,,,,,2023-02-02,,,Approved,file:///A:\___Projekte\10340001_2022 V136 SEN Dagebüll GeBePro (Stefan Petschull) ,54.73003,8.758064,228467.0
101,,,Dagebüll,SEN,Vestas,V136,10340001,SEM V136 Dagebüll (228467),ULMR,2022-02-17,Greendyke Energy Dagebüll GmbH & Co. KG,Stefan Petschull,WEA 3 von 6,V235641,WEA 08,112.0,136.0,Unbekannt,Unbekannt,Ja,,,5.0,15.0,E,,,,,2023-02-02,,,Approved,file:///A:\___Projekte\10340001_2022 V136 SEN Dagebüll GeBePro (Stefan Petschull) ,54.72719,8.757662,228467.0
102,,,Dagebüll,SEN,Vestas,V136,10340001,SEM V136 Dagebüll (228467),ULMR,2022-02-17,Greendyke Energy Dagebüll GmbH & Co. KG,Stefan Petschull,WEA 4 von 6,V235643,WEA 10,112.0,136.0,Unbekannt,Unbekannt,Ja,,,5.0,15.0,E,,,,,2023-03-17,,,Approved,file:///A:\___Projekte\10340001_2022 V136 SEN Dagebüll GeBePro (Stefan Petschull) ,54.731204,8.751644,228467.0
103,,,Dagebüll,SEN,Vestas,V136,10340001,SEM V136 Dagebüll (228467),ULMR,2022-02-17,Greendyke Energy Dagebüll GmbH & Co. KG,Stefan Petschull,WEA 5 von 6,V240906,WEA 11,82.0,136.0,Unbekannt,Ja,Ja,,,5.0,15.0,E,,,,,2022-11-18,2023-01-29,,Approved,file:///A:\___Projekte\10340001_2022 V136 SEN Dagebüll GeBePro (Stefan Petschull) ,54.734581,8.750893,228467.0
104,,,Dagebüll,SEN,Vestas,V136,10340001,SEM V136 Dagebüll (228467),ULMR,2022-02-17,Greendyke Energy Dagebüll GmbH & Co. KG,Stefan Petschull,WEA 6 von 6,V240907,WEA 12,82.0,136.0,Ja,Unbekannt,Unbekannt,,,5.0,15.0,E,,,,,2022-11-17,,,Approved,file:///A:\___Projekte\10340001_2022 V136 SEN Dagebüll GeBePro (Stefan Petschull) ,54.728063,8.745281,228467.0
105,2,on hold,Altengamme,SEN,Senvion,MM100,10340574,SEN MM100 Altengamme (228753),FELPLA,2022-02-01,NET Ochsenwerder GmbH,Jens Heidorn,WEA 1 von 2,100340,WEA1,100.0,100.0,Nein,Ja,Ja,TCUP,Nein,4.9,8.0,,Unbekannt,NET Ochsenwerder GmbH,,AP notwendig; Serrations sollen installiert werden,2022-03-11,2023-01-29,,Approved,file:///A:\___Projekte\10340574_2022 MM100 SEN Altengamme NET Wind (Jens Heidorn) ,53.454909,10.258645,228753.0
106,2,on hold,Altengamme,SEN,Senvion,MM100,10340574,SEN MM100 Altengamme (228753),FELPLA,2022-02-01,NET Ochsenwerder GmbH,Jens Heidorn,WEA 2 von 2,100342,WEA3,100.0,100.0,Nein,Ja,Ja,TCUP,Nein,4.9,8.0,,Unbekannt,NET Ochsenwerder GmbH,,AP notwendig; WEA ist zu laut,2022-03-11,2023-01-29,,Approved,file:///A:\___Projekte\10340574_2022 MM100 SEN Altengamme NET Wind (Jens Heidorn) ,53.452396,10.26464,228753.0
107,,,WP Kuhla,SEN,Vestas,V136,10341069,SEN WP Kuhla (224787),PHISCH,2022-02-25,wpd windmanager technik GmbH,Margot Petersen-Jaenicke,WEA 1 von 4,,WEA1,149.0,136.0,Unbekannt,Unbekannt,Unbekannt,,,5.0,15.0,E,,,,,,,,Approved,file:///A:\___Projekte\10341069_2022 V136 SEN WP Kuhla wpd (Margot Petersen_Jaenicke) ,53.603661,9.269334,224787.0
108,,,WP Kuhla,SEN,Vestas,V136,10341069,SEN WP Kuhla (224787),PHISCH,2022-02-25,wpd windmanager technik GmbH,Margot Petersen-Jaenicke,WEA 2 von 4,241127,WEA2,149.0,136.0,Ja,Ja,Ja,,,5.0,15.0,E,,,,,2023-02-03,,,Approved,file:///A:\___Projekte\10341069_2022 V136 SEN WP Kuhla wpd (Margot Petersen_Jaenicke) ,53.600964,9.27379,224787.0
109,,,WP Kuhla,SEN,Vestas,V136,10341069,SEN WP Kuhla (224787),PHISCH,2022-02-25,wpd windmanager technik GmbH,Margot Petersen-Jaenicke,WEA 3 von 4,,WEA3,149.0,136.0,Unbekannt,Unbekannt,Unbekannt,,,5.0,15.0,E,,,,,,,,Approved,file:///A:\___Projekte\10341069_2022 V136 SEN WP Kuhla wpd (Margot Petersen_Jaenicke) ,53.604284,9.2762,224787.0
110,,,WP Kuhla,SEN,Vestas,V136,10341069,SEN WP Kuhla (224787),PHISCH,2022-02-25,wpd windmanager technik GmbH,Margot Petersen-Jaenicke,WEA 4 von 4,,WEA4,149.0,136.0,Unbekannt,Unbekannt,Unbekannt,,,5.0,15.0,E,,,,,,,,Approved,file:///A:\___Projekte\10341069_2022 V136 SEN WP Kuhla wpd (Margot Petersen_Jaenicke) ,53.603837,9.282801,224787.0
111,,,Auras Süd,SET,Vestas,V162,10341214,SET Auras SüD Vestas (228960),ANNJO,2022-02-28,Vestas Wind Systems A/S,NCN,WEA 1 von 3,242326,WEA Auras 02,169.0,162.0,Unbekannt,Ja,Unbekannt,,,5.0,15.0,E,,,Elektroenergieversorgung cottbus gmbh,,2022-05-11,,,Approved,file:///A:\___Projekte\10341214_2022 V150 SET Auras Süd Vestas DK (NCN) ,51.651009,14.294838,228960.0
112,,,Auras Süd,SET,Vestas,V162,10341214,SET Auras SüD Vestas (228960),ANNJO,2022-02-28,Vestas Wind Systems A/S,NCN,WEA 2 von 3,242327,WEA Auras 03,169.0,162.0,Unbekannt,Unbekannt,Unbekannt,,,5.0,15.0,E,,,,,,,,Approved,file:///A:\___Projekte\10341214_2022 V150 SET Auras Süd Vestas DK (NCN) ,51.647323,14.292048,228960.0
113,,,Auras Süd,SET,Vestas,V150,10341214,SET Auras SüD Vestas (228960),ANNJO,2022-02-28,Vestas Wind Systems A/S,NCN,WEA 3 von 3,,WEA Auras 04,169.0,150.0,Unbekannt,Unbekannt,Unbekannt,,,5.0,15.0,E,,,,,,,,Approved,file:///A:\___Projekte\10341214_2022 V150 SET Auras Süd Vestas DK (NCN) ,51.649947,14.288813,228960.0
114,"1,5",Ja,WP Wulkow,SEN,Vestas,V150,10341314,SEN WP Wulkow (228601),IACRUZ,2022-03-02,UGE Treplin GmbH & Co. KG Umweltgerechte Energie,Paul Radons,WEA 1 von 1,242290,WEA1,169.0,150.0,Unbekannt,Unbekannt,Ja,"PO6000, SO2.1",Nein,5.3,8.8,W,,Steven Koch (Heliotec),,,2022-05-21,,,Approved,file:///A:\___Projekte\10341314_2022 V150 SEN WP Wulkow UKA (Paul Radons) ,52.396675,14.427526,228601.0
119,,,WP Janneby,SET,Enercon,E115,10343432,SET E-115 Janneby (229422),RICFRE,2022-03-16,ENERCON GmbH,Tanja Stüttechen,WEA 1 von 1,1160001,WEA 02c,132.77,115.71,Ja,Ja,Unbekannt,,,5.0,15.0,E,,,,,2022-03-10,2022-06-23,,Approved,file:///A:\___Projekte\10343432_2022 E115 SET WP Janneby Enercon GmbH (Tanja Stüttechen) ,54.64354042,9.31945816,229422.0
120,,,Stelle-Wittenwurth,SEN,Enercon,E115,10344901,SEN WP Stelle-Wittenw (229828),ARNJEN,2022-03-18,WindPlan Witthohn & Frauen GmbH & Co. KG,,WEA 1 von 1,1160029,WEA 7,122.0,115.0,Ja,Ja,Ja,,,5.0,15.0,E,,,,,2023-04-18,,,Approved,file:///A:\___Projekte\10344901_2022 E115 SEN Stelle_Wittenwurth WindPlan () ,54.244775,9.051073,229828.0
121,,,WP Iselbek,SET,Enercon,E147 EP5 E2,10345272,SET EPS Iselbek (229482),ARNJEN,2022-03-23,ENERCON GmbH,Kristina Conrady,WEA 1 von 1,1470013,WEA 1,126.0,147.0,Unbekannt,Unbekannt,Ja,,,5.0,15.0,E,,,,,,,,Approved,file:///A:\___Projekte\10345272_2022 E147 EP5 E2 SET WP Iselbek Enercon GmbH (Kristina Conrady) ,54.065387,9.369995,229482.0
122,,,Salzgitter,SEN,Vestas,V136,10355430,SEN V136 Salzgitter (229014),JOPRZ,2022-04-01,Avacon Natur GmbH,Martin Sikorski,WEA 1 von 1,V231219,WEA A1 (MD00624),169.0,136.0,Ja,Ja,Unbekannt,,,5.0,15.0,E,,,,,2023-01-15,,,Approved,file:///A:\___Projekte\10355430_2022 V136 SEN Salzgitter Avacon Natur GmbH (Martin Sikorski) ,52.172222,10.429911,229014.0
123,,,Obere Arlau,SET,Vestas,EVENTUS,10360086,SET Obere Arlau (232560),ULMR,2022-04-21,Vestas Wind Systems A/S,NCN,WEA 1 von 1,V243290,WEA 1 - V150,125.0,150.0,Ja,Unbekannt,Unbekannt,,,5.0,15.0,E,,,,,2022-06-24,2022-11-11,2023-02-24,Approved,file:///A:\___Projekte\10360086_2022 EVENTUS SET Obere Arlau Vestas DK (NCN) ,54.609164,9.157917,232560.0
124,,,Ruhlsdorf,SET,Vestas,EVENTUS,10360284,SET Ruhlsdorf (232552),FELPLA,2022-04-21,Vestas Wind Systems A/S,NCN,WEA 1 von 1,V240298,WEA 01,169.0,150.0,Unbekannt,Unbekannt,Unbekannt,,,5.0,15.0,E,,,,,2022-05-12,,,Approved,file:///A:\___Projekte\10360284_2022 EVENTUS SET Ruhlsdorf Vestas DK (NCN) ,52.357806,13.250208,232552.0
125,,,WP Huje,SEN,Enercon,E126 EP3,10360292,SEN 126 EP3 Huje (230997),ANNJO,2022-04-21,ENERCON GmbH,Ilona Heidenreich,WEA 1 von 2,1250255,,135.0,127.0,Unbekannt,Unbekannt,Unbekannt,,,5.0,15.0,E,,,,,,,,Approved,file:///A:\___Projekte\10360292_2022 E126 EP3 SEN WP Huje Enercon GmbH (Ilona Heidenreich) ,53.985454,9.416114,230997.0
126,,,WP Huje,SEN,Enercon,E126 EP3,10360292,SEN 126 EP3 Huje (230997),ANNJO,2022-04-21,ENERCON GmbH,Ilona Heidenreich,WEA 2 von 2,1250257,,135.0,127.0,Unbekannt,Unbekannt,Unbekannt,,,5.0,15.0,E,,,,,,,,Approved,file:///A:\___Projekte\10360292_2022 E126 EP3 SEN WP Huje Enercon GmbH (Ilona Heidenreich) ,53.985454,9.416114,230997.0
127,,,Eichenhof,SEN,Enercon,E126,10362902,SEN WP Eichenhof E126 (229567),ULMR,2022-04-11,nttb GmbH,Jann Carstens,WEA 1 von 2,1250369,WEA 6,115.8,127.0,Ja,Unbekannt,Unbekannt,,,5.0,15.0,E,,,,,,,,Approved,file:///A:\___Projekte\10362902_2022 E126 SEN Eichenhof nttb (Jann Carstens) ,54.723104,9.091134,229567.0
128,,,Eichenhof,SEN,Enercon,E126,10362902,SEN WP Eichenhof E126 (229567),ULMR,2022-04-11,nttb GmbH,Jann Carstens,WEA 2 von 2,1250370,WEA 7,115.8,127.0,Ja,Ja,Ja,,,5.0,15.0,E,,,,,2022-11-22,,,Approved,file:///A:\___Projekte\10362902_2022 E126 SEN Eichenhof nttb (Jann Carstens) ,54.723469,9.096318,229567.0
129,,,WP Norderhamme Hollingstedt,SEN,Vestas,V150,10363104,SEN WP Nordhamme V150 (232607),ANNJO,2022-05-05,Windenergie Norderhamme GmbH & Co. KG,Simon Brälye,WEA 1 von 2,244062,WEA 1,125.0,150.0,Unbekannt,Unbekannt,Ja,,,5.0,15.0,E,,,,,,,,Approved,file:///A:\___Projekte\10363104_2022 V150 SEN WP Norderhamme Hollingstedt WES Ibs (Simon Brälye) ,54.298742,9.199265,232607.0
130,,,WP Norderhamme Hollingstedt,SEN,Vestas,V150,10363104,SEN WP Nordhamme V150 (232607),ANNJO,2022-05-05,Windenergie Norderhamme GmbH & Co. KG,Simon Brälye,WEA 2 von 2,244063,WEA 2,125.0,150.0,Unbekannt,Unbekannt,Ja,,,5.0,15.0,E,,,,,,,,Approved,file:///A:\___Projekte\10363104_2022 V150 SEN WP Norderhamme Hollingstedt WES Ibs (Simon Brälye) ,54.29642,9.206644,232607.0
131,,,Krumstedt,SEN,Enercon,E147,10363108,SEN Krumstedt 2xE147 (232777),ANNJO,2022-05-05,Windpark Krumstedter Viert GmbH & Co. KG,Simon Brälye,WEA 1 von 2,1470035,WEA 1,126.3,147.0,Unbekannt,Unbekannt,Ja,,,5.0,15.0,E,,,,,,,,Approved,file:///A:\___Projekte\10363108_2022 E147 SEN Krumstedt WES Ibs (Simon Brälye) ,54.090053,9.241439,232777.0
132,,,Krumstedt,SEN,Enercon,E147,10363108,SEN Krumstedt 2xE147 (232777),ANNJO,2022-05-05,Windpark Krumstedter Viert GmbH & Co. KG,Simon Brälye,WEA 2 von 2,1470036,WEA 3,126.3,147.0,Unbekannt,Unbekannt,Ja,,,5.0,15.0,E,,,,,,,,Approved,file:///A:\___Projekte\10363108_2022 E147 SEN Krumstedt WES Ibs (Simon Brälye) ,54.088289,9.246687,232777.0
133,,,WP Auras Süd,SEN,Vestas,V150,10363115,SEN Auras Süd V150 (230512),ANNJO,2022-05-13,UGE Schorbus Zwei GmbH & Co. KG Umweltgerechte Energie,Paul Radons,WEA 1 von 1,,WEA Auras 04,169.0,150.0,Unbekannt,Unbekannt,Ja,,,5.0,15.0,E,,,,,,,,Approved,file:///A:\___Projekte\10363115_2022 V150 SEN WP Auras Süd UGE Schorbus Zwei GmbH (Paul Radons) ,51.649947,14.288813,230512.0
134,,,Mühlenfließ,SEN,Enercon,E138 EP3 E2,10365134,SEN E-138 Mühlenf. (232943),ANNJO,2022-05-19,ENERTRAG SE,Jonas Armbröster,WEA 1 von 2,1380485,N1,160.0,138.25,Unbekannt,Unbekannt,Unbekannt,,,5.0,15.0,E,,,,,,,,Approved,file:///A:\___Projekte\10365134_2022 E138 EP3 E2 SEN Mühlenfließ ENERTRAG AG (Jonas Armbröster) ,52.104578,12.802394,232943.0
135,,,Mühlenfließ,SEN,Enercon,E138 EP3 E2,10365134,SEN E-138 Mühlenf. (232943),ANNJO,2022-05-19,ENERTRAG SE,Jonas Armbröster,WEA 2 von 2,1380487,N3,160.0,138.25,Unbekannt,Unbekannt,Unbekannt,,,5.0,15.0,E,,,,,,,,Approved,file:///A:\___Projekte\10365134_2022 E138 EP3 E2 SEN Mühlenfließ ENERTRAG AG (Jonas Armbröster) ,52.099941,12.797249,232943.0
136,,,Reußenköge,SEN,Vestas,V112,10365384,SEN V112 Reußenk. (234083),RICFRE,2022-06-01,Vestas Deutschland GmbH,Helge Schnehle,WEA 1 von 1,V214129,,94.0,112.0,Unbekannt,Unbekannt,Unbekannt,,,5.0,15.0,E,,,,,2023-03-23,,,Approved,file:///A:\___Projekte\10365384_2022 V112 SEN Reußenköge Vestas DE (Helge Schnehle) ,54.582737,8.944098,234083.0
137,,,Schrepkow,SEN,GE,GE-5.5-158 ,10365385,SEN GE Schrepkow (233520),IACRUZ,2022-06-01,GE Wind Energy GmbH,Björn Schierenbeck,WEA 1 von 4,55231660,S01,120.9,158.0,Ja,Ja,Ja,,,5.0,15.0,E,,,,,2022-10-08,2023-02-02,,Approved,file:///A:\___Projekte\10365385_2022 55_158 38_130 SEN Schrepkow GE Wind Energy (Björn Schierenbeck) ,52.985947,12.087996,233520.0
138,,,Schrepkow,SEN,GE,GE-5.5-158 ,10365385,SEN GE Schrepkow (233520),IACRUZ,2022-06-01,GE Wind Energy GmbH,Björn Schierenbeck,WEA 2 von 4,55231661,S05,120.9,158.0,Ja,Ja,Ja,,,5.0,15.0,E,,,,,2022-10-08,2023-02-02,,Approved,file:///A:\___Projekte\10365385_2022 55_158 38_130 SEN Schrepkow GE Wind Energy (Björn Schierenbeck) ,52.988368,12.100917,233520.0
139,,,Schrepkow,SEN,GE,GE-3.8-130,10365385,SEN GE Schrepkow (233520),IACRUZ,2022-06-01,GE Wind Energy GmbH,Björn Schierenbeck,WEA 3 von 4,382015753,S06,85.0,130.0,Unbekannt,Ja,Ja,,,5.0,15.0,E,,,,,2022-12-07,,,Approved,file:///A:\___Projekte\10365385_2022 55_158 38_130 SEN Schrepkow GE Wind Energy (Björn Schierenbeck) ,52.982486,12.096111,233520.0
140,,,Schrepkow,SEN,GE,GE-3.8-130,10365385,SEN GE Schrepkow (233520),IACRUZ,2022-06-01,GE Wind Energy GmbH,Björn Schierenbeck,WEA 4 von 4,382015754,S07,85.0,130.0,Ja,Ja,Ja,,,5.0,15.0,E,,,,,2022-10-08,,,Approved,file:///A:\___Projekte\10365385_2022 55_158 38_130 SEN Schrepkow GE Wind Energy (Björn Schierenbeck) ,52.979396,12.094769,233520.0
141,0,Ja,Seelow-Gusow,SEN,Vestas,V150 5.6,10365480,SEN V150 Seelow-Gusow (230518),IACRUZ,2022-05-31,UGE Gusow GmbH & Co. KG Umweltgerechte Energie,Paul Radons,WEA 1 von 1,V242085,WEA Gusow 1,169.0,150.0,Unbekannt,Unbekannt,Ja,"PO5600, SO2.1",Nein,5.2,8.7,NNW,,"Energy Consult, Edinatur, Private Eigentum",,,,,,Approved,file:///A:\___Projekte\10365480_2022 V150 56 SEN Seelow_Gusow UGE (Paul Radons) ,52.549561,14.339161,230518.0
142,3,messklar,WP Sitten,SEN,Vestas,V150,10366612,SEN V150 WP Sitten (234266),FELPLA,2022-06-08,Windpark Sitten GmbH & Co. KG,Imke Odrich io@ewe.dk,WEA 1 von 2,242767,WEA01,166.0,150.0,Nein,Ja,Ja,"PO5600, SO6",Nein,5.4,9.5,N,Unbekannt,Organisiert Eurowind,Organisiert Eurowind,"WEA steht neben Autobahn, Westwind ist nicht möglich",,,,Approved,file:///A:\___Projekte\10366612_2022 V150 SEN WP Sitten Windpark Sitten GmbH (Imke Odrich) ,51.217917,12.928956,234266.0
143,3,messklar,WP Sitten,SEN,Vestas,V150,10366612,SEN V150 WP Sitten (234266),FELPLA,2022-06-08,Windpark Sitten GmbH & Co. KG,Imke Odrich io@ewe.dk,WEA 2 von 2,242768,WEA02,166.0,150.0,Nein,Ja,Ja,"PO5600, SO6",Nein,5.4,9.5,N,Unbekannt,Organisiert Eurowind,Organisiert Eurowind,"WEA steht neben Autobahn, Westwind ist nicht möglich",,,,Approved,file:///A:\___Projekte\10366612_2022 V150 SEN WP Sitten Windpark Sitten GmbH (Imke Odrich) ,51.216631,12.933894,234266.0
144,,,Goldelund,SEN,Enercon,E70,10367152,SEN E70 Goldelund (234247),RICFRE,2022-06-13,ENERCON GmbH,Julia Langner,WEA 1 von 1,784342,BVD 52 10,64.0,71.0,Ja,Ja,Unbekannt,,,5.0,15.0,E,,,,,2022-10-05,,,Approved,file:///A:\___Projekte\10367152_2022 E70 SEN Goldelund Enercon GmbH (Julia Langner) ,54.68899,9.125993,234247.0
145,4,on hold,Beesenberg,SET,Vestas,EVENTUS,10367726,SEN Vestas Eventus Beesenberg (234861),FELPLA,2022-06-21,Vestas Wind Systems A/S,Bano nhabh@vestas.com,WEA 1 von 1,234269,WEA 01,169.0,150.0,Nein,Ja,Nein,diverse,nein,5.0,9.0,,Unbekannt,Vestas,Vestas,AP; AMC wird in KW 29 repariert,2022-07-01,2023-03-27,2023-03-28,Approved,file:///A:\___Projekte\10367726_2022 EVENTUS SEN Beesenberg Vestas DK (NCN) ,53.398175,13.827703,234861.0
146,,,Heiligengrabe,SEN,Enercon,E103,10369063,SEN Heiligengrabe (234690),IACRUZ,2022-06-28,ENERCON GmbH,Mirko Martens,WEA 1 von 1,E1030300,ZB01 (WKA 14194),74.0,52.0,Nein,Ja,Ja,103,,5.0,15.0,E,,,,,,,,Approved,file:///C:\_Projects\10369063_2022 E103 SEN Heiligengrabe Mirko Martens (Mirko Martens) ,53.145108,12.444219,234690.0
147,,,Mühlenberg,SEN,Enercon,N117,10369703,SEN N117 WP Mühlenberg III NTTB (235165),ULMR,2022-06-28,Windpark Mühlenberg GmbH & Co. KG,Thurid,WEA 1 von 1,89646,WEA 12,120.0,117.0,Nein,Nein,Ja,,,5.0,15.0,E,,,,,,,,Approved,file:///A:\___Projekte\10369703_2022 N117 SEN Mühlenberg NTTB (Thurid) ,54.721286,9.287042,235165.0
148,,,WP Neuenkirchen,SEN,Enercon,E126,10371136,SEN E126 WP Neuenk. (235801),ANNJO,2022-07-21,Bürgerwindpark Neuenkirchen UG (haftungsbeschränkt) & Co. KG,Simon Brälye,WEA 1 von 1,E1250365,WEA Neuenkirchen - 1250365,116.0,127.0,Ja,Ja,Ja,,,5.0,15.0,E,,,,,,,,Approved,file:///A:\___Projekte\10371136_2022 E126 SEN WP Neuenkirchen BWP Neuenkirchen (Simon Brälye) ,54.250019,9.005117,235801.0
149,4,messklar,Südermarsch,SEN,Enercon,E115,10371874,SEN Südermarsch II (235210),FELPLA,2022-07-28,Bürgerwind Südermarsch II GmbH & Co. KG,Thurid Kuhk,WEA 1 von 2,E1160121,WEA1,92.05,115.71,Nein,Ja,Ja,101 dB,Nein,5.0,7.4,,Geklärt von NTTB,Geklärt von NTTB,s. E-Mail im Projektordner,Enercon hat Datenfreigabe und Interesse an der Messung; Ansprechpartner ist Rainer Wortelker; an WEA werden FRT Tests gemacht,,,,Approved,file:///A:\___Projekte\10371874_2022 E115 SEN Südermarsch nttb (Thurid Kuhk) ,53.989642,9.061328,235210.0
150,5,messklar,Südermarsch,SEN,Enercon,E115,10371874,SEN Südermarsch II (235210),FELPLA,2022-07-28,Bürgerwind Südermarsch II GmbH & Co. KG,Thurid Kuhk,WEA 2 von 2,E1160122,WEA2,92.05,115.71,Nein,Ja,Ja,BMIIs,Nein,6.3,10.2,,Geklärt von NTTB,Geklärt von NTTB,s. E-Mail im Projektordner,Enercon hat Datenfreigabe und Interesse an der Messung; Ansprechpartner ist Rainer Wortelker; an WEA werden FRT Tests gemacht,,,,Approved,file:///A:\___Projekte\10371874_2022 E115 SEN Südermarsch nttb (Thurid Kuhk) ,53.989847,9.065308,235210.0
151,,,Fri.Ko.,SEN,Enercon,E115,10373627,SEN Friedrichskoog (236826),ARNJEN,2022-08-11,WES IBS Betriebsführungs- und Verwaltungs GmbH,Jan Heckens,WEA 1 von 1,,AVK Wind,92.0,115.7,Unbekannt,Unbekannt,Ja,,,5.0,15.0,E,,,,,,,,Approved,file:///A:\___Projekte\10373627_2022 E115 SEN FriKo WES Ibs (Jan Heckens) ,54.012905,8.941828,236826.0
152,,,WP Schrepkow,SEN,GE,3.8-158,10375081,SEN WP Schrepkow Green Wind (234679),IACRUZ,2022-08-18,Green Wind Energy GmbH,Maximilian Horn,WEA 1 von 2,GE382015753,S06 - NO/NRO102,85.0,130.0,Unbekannt,Ja,Ja,,,5.0,15.0,E,,,,,,,,Approved,file:///A:\___Projekte\10375081_2022 55_158 SEN WP Schrepkow Green Wind Energy (Maximilian Horn) ,52.982458,12.096039,234679.0
153,,,WP Schrepkow,SEN,GE,3.8-158,10375081,SEN WP Schrepkow Green Wind (234679),IACRUZ,2022-08-18,Green Wind Energy GmbH,Maximilian Horn,WEA 2 von 2,GE382015754,S07 - NO/NRO103,85.0,130.0,Unbekannt,Ja,Ja,,,5.0,15.0,E,,,,,,,,Approved,file:///A:\___Projekte\10375081_2022 55_158 SEN WP Schrepkow Green Wind Energy (Maximilian Horn) ,52.979303,12.094656,234679.0
154,,,WP Gudendorf I,SEN,Vestas,V162,10375376,SEN V162 Gudendorf (237049),ANNJO,2022-08-22,Windpark Gudendorf I GmbH & Co. KG,Jan Heckens,WEA 1 von 5,,WEA 1-Gudendor,119.0,162.0,Unbekannt,Unbekannt,Ja,,,5.0,15.0,E,,,,,,,,Approved,file:///A:\___Projekte\10375376_2022 V162 SEN WP Gudendorf I WES Ibs (Jan Heckens) ,54.031933,9.085772,237049.0
155,,,WP Gudendorf I,SEN,Vestas,V162,10375376,SEN V162 Gudendorf (237049),ANNJO,2022-08-22,Windpark Gudendorf I GmbH & Co. KG,Jan Heckens,WEA 2 von 5,,WEA 2-Busenwurth,119.0,162.0,Unbekannt,Unbekannt,Ja,,,5.0,15.0,E,,,,,,,,Approved,file:///A:\___Projekte\10375376_2022 V162 SEN WP Gudendorf I WES Ibs (Jan Heckens) ,54.027877,9.076925,237049.0
156,,,WP Gudendorf I,SEN,Vestas,V162,10375376,SEN V162 Gudendorf (237049),ANNJO,2022-08-22,Windpark Gudendorf I GmbH & Co. KG,Jan Heckens,WEA 3 von 5,,WEA 3-Gudendor,119.0,162.0,Unbekannt,Unbekannt,Ja,,,5.0,15.0,E,,,,,,,,Approved,file:///A:\___Projekte\10375376_2022 V162 SEN WP Gudendorf I WES Ibs (Jan Heckens) ,54.027216,9.084144,237049.0
157,,,WP Gudendorf I,SEN,Vestas,V162,10375376,SEN V162 Gudendorf (237049),ANNJO,2022-08-22,Windpark Gudendorf I GmbH & Co. KG,Jan Heckens,WEA 4 von 5,,WEA 4-Barlt,119.0,162.0,Unbekannt,Unbekannt,Ja,,,5.0,15.0,E,,,,,,,,Approved,file:///A:\___Projekte\10375376_2022 V162 SEN WP Gudendorf I WES Ibs (Jan Heckens) ,54.02188,9.079569,237049.0
158,,,WP Gudendorf I,SEN,Vestas,V162,10375376,SEN V162 Gudendorf (237049),ANNJO,2022-08-22,Windpark Gudendorf I GmbH & Co. KG,Jan Heckens,WEA 5 von 5,,WEA 5-Barlt,119.0,162.0,Unbekannt,Unbekannt,Ja,,,5.0,15.0,E,,,,,,,,Approved,file:///A:\___Projekte\10375376_2022 V162 SEN WP Gudendorf I WES Ibs (Jan Heckens) ,54.01954,9.084739,237049.0
159,,,WP Jerrishoe,SEN,Senvion,3.2M114,10377886,SEN 3.2m114 Jerrishoe (235288),RICFRE,2022-09-05,WP Jerrishoe Pooling GmbH & CO. KG,Franz-Josef Lübbert zur Lage,WEA 1 von 5,300732,Döhnkier 300732,93.0,114.0,Ja,Unbekannt,Ja,,,5.0,15.0,E,,,,,2022-10-25,,,Approved,file:///A:\___Projekte\10377886_2022 32M114 SEN WP Jerrishoe WP Jerrishoe Pooling GmbH (Franz_Josef Lübbert zur Lage) ,54.670058,9.352389,235288.0
160,,,WP Jerrishoe,SEN,Senvion,3.2M114,10377886,SEN 3.2m114 Jerrishoe (235288),RICFRE,2022-09-05,WP Jerrishoe Pooling GmbH & CO. KG,Franz-Josef Lübbert zur Lage,WEA 2 von 5,300733,BWP Jerrishoe 300733,93.0,114.0,Unbekannt,Unbekannt,Ja,,,5.0,15.0,E,,,,,,,,Approved,file:///A:\___Projekte\10377886_2022 32M114 SEN WP Jerrishoe WP Jerrishoe Pooling GmbH (Franz_Josef Lübbert zur Lage) ,54.666923,9.352347,235288.0
161,,,WP Jerrishoe,SEN,Senvion,3.2M114,10377886,SEN 3.2m114 Jerrishoe (235288),RICFRE,2022-09-05,WP Jerrishoe Pooling GmbH & CO. KG,Franz-Josef Lübbert zur Lage,WEA 3 von 5,300734,BWP Jerrishoe 300734,93.0,114.0,Unbekannt,Unbekannt,Ja,,,5.0,15.0,E,,,,,,,,Approved,file:///A:\___Projekte\10377886_2022 32M114 SEN WP Jerrishoe WP Jerrishoe Pooling GmbH (Franz_Josef Lübbert zur Lage) ,54.665415,9.348678,235288.0
162,,,WP Jerrishoe,SEN,Senvion,3.2M114,10377886,SEN 3.2m114 Jerrishoe (235288),RICFRE,2022-09-05,WP Jerrishoe Pooling GmbH & CO. KG,Franz-Josef Lübbert zur Lage,WEA 4 von 5,300735,BWP Jerrishoe 300735,93.0,114.0,Unbekannt,Unbekannt,Ja,,,5.0,15.0,E,,,,,,,,Approved,file:///A:\___Projekte\10377886_2022 32M114 SEN WP Jerrishoe WP Jerrishoe Pooling GmbH (Franz_Josef Lübbert zur Lage) ,54.668046,9.346849,235288.0
163,,,WP Jerrishoe,SEN,Senvion,3.2M114,10377886,SEN 3.2m114 Jerrishoe (235288),RICFRE,2022-09-05,WP Jerrishoe Pooling GmbH & CO. KG,Franz-Josef Lübbert zur Lage,WEA 5 von 5,300736,Döhnkier 300736,93.0,114.0,Unbekannt,Unbekannt,Ja,,,5.0,15.0,E,,,,,,,,Approved,file:///A:\___Projekte\10377886_2022 32M114 SEN WP Jerrishoe WP Jerrishoe Pooling GmbH (Franz_Josef Lübbert zur Lage) ,54.665593,9.343434,235288.0
164,,,WP Süderdorf,SEN,Vestas,V126,10379099,SEN V126 BWP Eider (230353),ULFKOC,2022-09-09,Bürgerwindpark Eider GmbH & Co. KG,Jan Heckens,WEA 1 von 1,,WEA Süderdorf,87.0,126.0,Unbekannt,Unbekannt,Unbekannt,,,5.0,15.0,E,,,,,,,,Approved,file:///A:\___Projekte\10379099_2022 V126 SEN WP Süderdorf WES Ibs (Jan Heckens) ,54.198275,9.311692,230353.0
165,,,WP Hägen,SEN,Vestas,V150,10379103,SEN V150 BWP Hägen (230354),ULFKOC,2022-09-09,Bürgerwindpark Hägen GmbH & Co. KG,Jan Heckens,WEA 1 von 1,,WEA Hägen,125.0,150.0,Unbekannt,Unbekannt,Unbekannt,,,5.0,15.0,E,,,,,,,,Approved,file:///A:\___Projekte\10379103_2022 V150 SEN WP Hägen WES Ibs (Jan Heckens) ,54.257071,9.135771,230354.0
166,,,WP Norstedt,SEN,Enercon,E-138,10380285,SEN E-138 Norstedt (238389),ULMR,2022-09-27,Bürgerwindpark Norstedt-Ohlandt GmbH & Co. KG,Thurid Kuhk,WEA 1 von 1,E1380839,WEA 1,110.13,138.25,Unbekannt,Ja,Ja,,,5.0,15.0,E,,,,,,,,Approved,file:///A:\___Projekte\10380285_2022 E_138 SEN WP Norstedt BWP Norstedt Ohlandt (Thurid Kuhk) ,54.579206,9.140685,238389.0
167,,,WP Swatte Poele,SIM,Enercon,E126,10380615,SIM E-126 Swatte P. (237888),PHISCH,2022-09-13,Windpark Swatte Poele Invest GmbH & Co. KG,Marcel Homann,WEA 1 von 5,E1250240,WEA 7,135.0,127.0,Unbekannt,Unbekannt,Unbekannt,,,5.0,15.0,E,,,,,,,,Approved,file:///A:\___Projekte\10380615_2022 E126 SIM WP Swatte Poele Heliotec (Marcel Homann) ,52.558532,7.618676,237888.0
168,,,WP Swatte Poele,SIM,Enercon,E126,10380615,SIM E-126 Swatte P. (237888),PHISCH,2022-09-13,Windpark Swatte Poele Invest GmbH & Co. KG,Marcel Homann,WEA 2 von 5,E1250237,WEA 8,135.0,127.0,Unbekannt,Unbekannt,Unbekannt,,,5.0,15.0,E,,,,,,,,Approved,file:///A:\___Projekte\10380615_2022 E126 SIM WP Swatte Poele Heliotec (Marcel Homann) ,52.554839,7.616964,237888.0
169,,,WP Swatte Poele,SIM,Enercon,E126,10380615,SIM E-126 Swatte P. (237888),PHISCH,2022-09-13,Windpark Swatte Poele Invest GmbH & Co. KG,Marcel Homann,WEA 3 von 5,E1250238,WEA 9,135.0,127.0,Unbekannt,Unbekannt,Unbekannt,,,5.0,15.0,E,,,,,,,,Approved,file:///A:\___Projekte\10380615_2022 E126 SIM WP Swatte Poele Heliotec (Marcel Homann) ,52.552239,7.621456,237888.0
170,,,WP Swatte Poele,SIM,Enercon,E126,10380615,SIM E-126 Swatte P. (237888),PHISCH,2022-09-13,Windpark Swatte Poele Invest GmbH & Co. KG,Marcel Homann,WEA 4 von 5,E1250239,WEA 10,135.0,127.0,Unbekannt,Unbekannt,Unbekannt,,,5.0,15.0,E,,,,,,,,Approved,file:///A:\___Projekte\10380615_2022 E126 SIM WP Swatte Poele Heliotec (Marcel Homann) ,52.548527,7.619307,237888.0
171,,,WP Swatte Poele,SIM,Enercon,E126,10380615,SIM E-126 Swatte P. (237888),PHISCH,2022-09-13,Windpark Swatte Poele Invest GmbH & Co. KG,Marcel Homann,WEA 5 von 5,E1250241,WEA 11,135.0,127.0,Unbekannt,Unbekannt,Unbekannt,,,5.0,15.0,E,,,,,,,,Approved,file:///A:\___Projekte\10380615_2022 E126 SIM WP Swatte Poele Heliotec (Marcel Homann) ,52.544969,7.617142,237888.0
172,6,messklar,Dahme-Wahlsdorf,SEM,GE,GE 2.5-120,10381946,SEN GE Dahme-Wahls (238452),FELPLA,2022-09-27,GE Wind Energy GmbH,Björn Schierenbeck,WEA 1 von 1,5648430,15-28140157 (E32182),139.0,120.0,Nein,Ja,Nein,"NRO102, NRO104",Nein,5.0,8.0,NE (77°),Unbekannt,Unbekannt (Aufgabe von Bo),Unbekannt (Aufgabe von Bo),WEA steht im Wald und kann nur bei Windrichtung 77°+/-15° vermessen werden,,,,Approved,file:///A:\___Projekte\10381946_2022  SEM Dahme_Wahlsdorf GE Wind Energy (Björn Schierenbeck) ,51.969841,13.345265,238452.0
173,,,Österwurth,SEN,Enercon,E115,10381950,SEN Oesterwurth E115 (238765),ANNJO,2022-09-29,WKA Scheld GmbH & Co. KG,Jan Heckens,WEA 1 von 1,1160001,WKA Scheld,92.0,115.7,Unbekannt,Unbekannt,Ja,,,5.0,15.0,E,,,,,,,,Approved,file:///A:\___Projekte\10381950_2022 E115 SEN Österwurth WES Ibs (Jan Heckens) ,54.223336,8.944554,238765.0
174,,,Corme,SET,SGRE,G114,10382318,SEN SGRE Corme ES (235875),IACRUZ,2022-09-22,"EDP Renovables España, S.L.U.",Begona Arechaga,WEA 1 von 2,100187683,WTG 02,93.0,114.0,Ja,Ja,Nein,,,5.0,15.0,E,,,,,2023-03-01,,,Approved,file:///C:\_Projects\10382318_2022 G114 SET Corme EDP (Begona Arechaga) ,43.277258,-8.975897,235875.0
175,,,Corme,SET,SGRE,G114,10382318,SEN SGRE Corme ES (235875),IACRUZ,2022-09-22,"EDP Renovables España, S.L.U.",Begona Arechaga,WEA 2 von 2,100187682,WTG 03,93.0,114.0,Ja,Ja,Nein,,,5.0,15.0,E,,,,,2023-02-28,,,Approved,file:///C:\_Projects\10382318_2022 G114 SET Corme EDP (Begona Arechaga) ,43.274397,-8.974533,235875.0
176,,,Wohlsdorf,SEN,Vestas,V150,10382385,SEN Wohlsdorf (239150),JOPRZ,2022-10-06,Windpark Wohlsdorf GmbH & Co. KG,Paul Meyer REON,WEA 1 von 2,242977,WEA N05,169.0,150.0,Unbekannt,Ja,Unbekannt,,,5.0,15.0,E,,,,,2023-04-19,,,Approved,file:///A:\___Projekte\10382385_2022 V150 SEN Wohlsdorf Windpark Wohlsdorf GmbH und Co KG (Paul Meyer REON) ,53.110268,9.460299,239150.0
177,,,Wohlsdorf,SEN,Vestas,V150,10382385,SEN Wohlsdorf (239150),JOPRZ,2022-10-06,Windpark Wohlsdorf GmbH & Co. KG,Paul Meyer REON,WEA 2 von 2,242979,WEA N07,169.0,150.0,Unbekannt,Ja,Unbekannt,,,5.0,15.0,E,,,,,2023-04-19,,,Approved,file:///A:\___Projekte\10382385_2022 V150 SEN Wohlsdorf Windpark Wohlsdorf GmbH und Co KG (Paul Meyer REON) ,53.106344,9.459047,239150.0
178,,,Hemme,SEN,Enercon,E82,10382953,SEN E-82 Hemme (238825),ANNJO,,ENERCON GmbH,Enercon,WEA 1 von 1,825702,"E-82 2,3MW",108.0,82.0,Nein,Ja,Ja,,,5.0,15.0,E,,,,,,,,Approved,file:///A:\___Projekte\10382953_2022 E82 SEN Hemme Sven Bigalke (Enercon) ,54.254603,9.0141,238825.0
179,,,Schoenfeld,SEN,Vestas,V136,10384188,SEN V136 Schönfeld (238874),ANNJO,,ENERTRAG SE,Jonas Armbroester,WEA 1 von 1,243497,SD Z3,132.0,136.0,Ja,Ja,Ja,,,5.0,15.0,E,,,,,,,,Approved,file:///A:\___Projekte\10384188_2022 V136 SEN Schoenfeld Enertrag SE (Jonas Armbroester) ,53.269865,14.271532,238874.0
180,,,Heckelberg,SEN,Senvion,3.6M140,10384523,SEN Heckelberg Notus (239625),ANNJO,,Notus energy Plan GmbH & Co. KG,Paula Kock,WEA 1 von 1,400045,WEA03,132.0,140.0,Nein,Ja,Ja,1740kW,,5.0,15.0,E,,,,,,,,Approved,file:///A:\___Projekte\10384523_2022 36M140 SEN Heckelberg Notus (Paula Kock) ,52.745587,13.822466,239625.0
181,0,Ja,Dammfleth,SEN,Vestas,V136,10385875,SEN 2V136 Dammfleth (228853),IACRUZ,2022-11-02,Windpark Rothenmeer GmbH & Co. KG,Lars Andersen,WEA 1 von 2,V244067,WEA 79/1,82.0,136.0,Nein,Ja,Ja,SO1,Nein,5.7,9.3,W,,"WES Ibs, Windpark Hochfeld",,Kunde keine große Hilfe in der Planung,,,,Approved,file:///A:\___Projekte\10385875_2022 V136 SEN WP Dammfleth Eurowind (Federico Alcalde Burella) ,53.887615,9.359029,228853.0
182,0,Ja,Dammfleth,SEN,Vestas,V136,10385875,SEN 2V136 Dammfleth (228853),IACRUZ,2022-11-02,Windpark Rothenmeer GmbH & Co. KG,Lars Andersen,WEA 2 von 2,V244068,WEA 69/1,82.0,136.0,Nein,Ja,Ja,SO1,Nein,5.7,9.3,W,,"WES Ibs, Windpark Hochfeld",,Kunde keine große Hilfe in der Planung,,,,Approved,file:///A:\___Projekte\10385875_2022 V136 SEN WP Dammfleth Eurowind (Federico Alcalde Burella) ,53.88512,9.36036,228853.0
183,,,Tensbüttel,SEN,Vestas,V150,10385877,SEN V150 Tensb. (240478),ANNJO,,Looft-Schmidt GmbH & Co. 3. Betriebs KG,Thurid_Kuhk,WEA 1 von 2,,Tensbüttel WEA1,105.0,150.0,Nein,Nein,Ja,,,5.0,15.0,E,,,,,,,,Approved,file:///A:\___Projekte\10385877_2022 V150 SEN Tensbuettel NTTB (Thurid Kuhk) ,54.105669,9.261015,240478.0
184,,,Tensbüttel,SEN,Vestas,V150,10385877,SEN V150 Tensb. (240478),ANNJO,,Looft-Schmidt GmbH & Co. 3. Betriebs KG,Thurid_Kuhk,WEA 2 von 2,,Tensbüttel WEA2,105.0,150.0,Nein,Nein,Ja,,,5.0,15.0,E,,,,,,,,Approved,file:///A:\___Projekte\10385877_2022 V150 SEN Tensbuettel NTTB (Thurid Kuhk) ,54.101603,9.262626,240478.0
185,,,Lohe,SEN,Vestas,V150,10385878,SEN V150 WP Lohe (240477),ANNJO,,Looft-Schmidt GmbH & Co. 4.Betriebs KG,Thurid_Kuhk,WEA 1 von 1,,WEA Lohe,125.0,150.0,Nein,Nein,Ja,,,5.0,15.0,E,,,,,,,,Approved,file:///A:\___Projekte\10385877_2022 V150 SEN Tensbuettel NTTB (Thurid Kuhk) ,54.169691,9.049206,240477.0
186,,,Wunderberg,SEN,Vestas,V126,10387490,SEN V126 Wunderberg (240502),PHISCH,,wpd windmanager GmbH & Co. KG,Margot_Petersen_Jaenicke,WEA 1 von 1,,WEA 2,137.0,126.0,Unbekannt ,Unbekannt ,Unbekannt ,,,5.0,15.0,E,,,,,,,,Approved,file:///A:\___Projekte\10385878_2022 V150 SEN Lohe NTTB (Thurid Kuhk) ,52.927908,8.514433,240502.0
187,,,Wieringermeer/NL,SET,Vensys,VS115,10388155,SET VS115 Wieringerm (239133),PHISCH,,VENSYS Energy AG,Dennis_Vollberg,WEA 1 von 1,WEA I08 ID 260,VS2_001,92.5,114.95,Ja,Unbekannt,Unbekannt,,,5.0,15.0,E,,,,,2022-12-21,2023-01-30,,Approved,file:///A:\___Projekte\10388155_2022 VS115 SET Wieringermeer Vensys Energy AG (Dennis Vollberg) ,52.832994,5.052114,239133.0
188,,,Blauw,SET,Vestas,V162,10388737,SET V162 Blauw (240702),PHISCH,,Vestas Benelux B.V.,NCN,WEA 1 von 3,241146,VT01,136.0,162.0,Unbekannt,Ja,Unbekannt,,,5.0,15.0,E,,,,,2023-02-10,,,Approved,file:///A:\___Projekte\10388737_2022 V162 SET Blauw NL Vestas DK (NCN) ,52.5535,5.589672,240702.0
189,,,Blauw,SET,Vestas,V162,10388737,SET V162 Blauw (240702),PHISCH,,Vestas Benelux B.V.,NCN,WEA 2 von 3,241152,VT07,136.0,162.0,Unbekannt,Ja,Unbekannt,,,5.0,15.0,E,,,,,2022-12-17,2023-01-28,,Approved,file:///A:\___Projekte\10388737_2022 V162 SET Blauw NL Vestas DK (NCN) ,52.576044,5.582722,240702.0
190,,,Blauw,SET,Vestas,V162,10388737,SET V162 Blauw (240702),PHISCH,,Vestas Benelux B.V.,NCN,WEA 3 von 3,241163,RD08,136.0,162.0,Unbekannt ,Ja ,Unbekannt ,,,5.0,15.0,E,,,,,2022-12-17,2023-01-28,2023-03-14,Approved,file:///A:\___Projekte\10388737_2022 V162 SET Blauw NL Vestas DK (NCN) ,52.580725,5.61115,240702.0
191,0,messklar,Könau (Wrestedt),SEN,GE,5.5-158,10390135,SEN Wrestedt 4 initia (238291),FELPLA,2022-11-17,JWE Bürgerwindpark Könau-Ostedt-Suhlendorf GmbH & Co. KG,Serkan Yetiskin,WEA 1 von 3,GE55216197,WEA01,150.0,158.0,Nein,Nein,Ja,"NRO104, (NO)",Nein,5.0,8.4,W,Unbekannt,JWE Bürgerwindpark Könau-Ostedt-Suhlendorf GmbH & Co. KG,JWE Bürgerwindpark Könau-Ostedt-Suhlendorf GmbH & Co. KG,1 der WEA muss auch im Tagbetrieb vermessen werden,,,,Approved,file:///A:\___Projekte\10390135_2022 GE 55 SEN WP Könau 4initia (Serkan Yetiskin) ,52.916758,10.734442,238291.0
192,0,messklar,Könau (Wrestedt),SEN,GE,5.5-158,10390135,SEN Wrestedt 4 initia (238291),FELPLA,2022-11-17,JWE Bürgerwindpark Könau-Ostedt-Suhlendorf GmbH & Co. KG,Serkan Yetiskin,WEA 2 von 3,GE55216198,WEA03,150.0,158.0,Nein,Nein,Ja,"NRO104, (NO)",Nein,5.0,8.4,W,Unbekannt,JWE Bürgerwindpark Könau-Ostedt-Suhlendorf GmbH & Co. KG,JWE Bürgerwindpark Könau-Ostedt-Suhlendorf GmbH & Co. KG,1 der WEA muss auch im Tagbetrieb vermessen werden,,,,Approved,file:///A:\___Projekte\10390135_2022 GE 55 SEN WP Könau 4initia (Serkan Yetiskin) ,52.914864,10.752692,238291.0
193,0,messklar,Könau (Wrestedt),SEN,GE,5.5-158,10390135,SEN Wrestedt 4 initia (238291),FELPLA,2022-11-17,JWE Bürgerwindpark Könau-Ostedt-Suhlendorf GmbH & Co. KG,Serkan Yetiskin,WEA 3 von 3,GE55216201,WEA05,161.0,158.0,Nein,Nein,Ja,"NRO104, (NO)",Nein,5.0,8.4,SW,Unbekannt,JWE Bürgerwindpark Könau-Ostedt-Suhlendorf GmbH & Co. KG,JWE Bürgerwindpark Könau-Ostedt-Suhlendorf GmbH & Co. KG,1 der WEA muss auch im Tagbetrieb vermessen werden,,,,Approved,file:///A:\___Projekte\10390135_2022 GE 55 SEN WP Könau 4initia (Serkan Yetiskin) ,52.91055,10.756742,238291.0
194,,,Reußenköge,SEN,Vestas,V112,10390714,SEN V112 Reußenk. (241926),RICFRE,,Vestas Deutschland GmbH,Jannika_Binder,WEA 1 von 1,210159,,94.0,112.0,Unbekannt,Unbekannt,Unbekannt,,,5.0,15.0,E,,,,,2023-03-24,,,Approved,file:///A:\___Projekte\10390135_2022 GE 55 SEN WP Könau 4initia (Serkan Yetiskin) ,54.643593,8.853473,241926.0
195,,,Reinbüttel,SIP SWP,German Sustainables,GS-1000 NT,10392418,SIP SWP GS-1000 NT (242119),JORDED,,German Sustainables Gesellschaft für erneuerbare Energiesysteme m.b.H,Hans_Jürgen_Brandt,WEA 1 von 1,,WEA N01,,,Unbekannt ,Unbekannt ,Unbekannt ,,,5.0,15.0,E,,,,,,,,Approved,,54.187951,8.923237,242119.0
196,,,Jettenbach,SEN,Enercon,E-138 EP3 E1,10392419,SEN E-138 Jettenbach (242310),IACRUZ,,ENERCON GmbH,Mirko_Martens,WEA 1 von 1,1380357,E138 Jettenbach,131.0,138.0,Unbekannt ,Unbekannt ,Unbekannt ,,,5.0,15.0,E,,,,,2023-03-22,,,Approved,,49.519386,7.552497,242310.0
197,,,Hämelhausen,SEN,Vestas,V126,10392511,SEN Hämelhausen V126 (235267),PHISCH,,Vestas Deutschland GmbH,Raphael_Springmann,WEA 1 von 2,V208849,WEA02,137.0,126.0,Unbekannt,Unbekannt,Unbekannt,,,5.0,15.0,E,,,,,2023-01-16,,,Approved,file:///A:\___Projekte\10392419_2022 E138 EP1 SEN Jettenbach Mirko Martens ENERCON (Mirko Martens) ,52.7935,9.27775,235267.0
198,,,Hämelhausen,SEN,Vestas,V126,10392511,SEN Hämelhausen V126 (235267),PHISCH,,Vestas Deutschland GmbH,Raphael_Springmann,WEA 2 von 2,V208850,WEA03,137.0,126.0,Unbekannt,Unbekannt,Unbekannt,,,5.0,15.0,E,,,,,,,,Approved,,52.7978,9.28632,235267.0
199,1,Nein,WP Silberpatweg Aachen,SEN,GE,GE 2.75-120,10392989,SEN WP Silberpatweg Aachen GE Wind Energy (Björn Schierenbeck)\,IACRUZ,2023-01-11,GE Wind Energy ,Björn Schierenbeck,WEA 1 von 2,GE27171217,WEA16,139.0,120.0,Ja ,Unbekannt ,Unbekannt ,NRO100,Nein,5.0,8.5,W,,,,"Autobahn in unmittelbare Nähe, Messung unbediengt in der Nacht und Wochenende",2023-01-08,,,Approved,a:\___Projekte\10392989_2022 GE 275_120 SEN WP Silberpatweg Aachen GE Wind Energy (Björn Schierenbeck)\,50.822714,6.028481,242541.0
200,0,Measured,WP Silberpatweg Aachen,SEN,GE,GE 2.75-120,10392989,SEN WP Silberpatweg Aachen GE Wind Energy (Björn Schierenbeck)\,IACRUZ,2023-01-11,GE Wind Energy ,Björn Schierenbeck,WEA 2 von 2,GE27171218,WEA15,139.0,120.0,Ja ,Unbekannt,Unbekannt,,,,,SW,,,,,2023-01-07,,,Approved,a:\___Projekte\10392989_2022 GE 275_120 SEN WP Silberpatweg Aachen GE Wind Energy (Björn Schierenbeck)\,50.825267,6.025578,242541.0
202,,,WP Steife Brise,SEN,Nordex,N117,10424395,SEN WP Steife Brise Ing Büro Siefert (Eugen Siefert)\,RICFRE,2023-01-19,Ing Büro Siefert ,Eugen Siefert,WEA 1 von 1,,WEA 05,120.0,117.0,Unbekannt,Unbekannt,Unbekannt,,,,,,,,,,,,,Approved,file:///A:\___Projekte\10424395_2023 N117 SEN WP Steife Brise Ing Büro Siefert (Eugen Siefert) ,54.533323,9.236464,243575.0
203,2,Nein,WP Holstenniendorf,SEN,Siemens Gamesa,SG 5.0-132,10424582,SEN WP Holstenniendorf iTerra Wind GmbH (Jens Sieger)\,IACRUZ,2023-01-13,iTerra Wind GmbH ,Jens Sieger,WEA 1 von 4,S58217,WEA 01 ,84.0,132.0,Unbekannt ,Unbekannt ,Ja,N2,Nein,5.8,9.4,,,,,,,,,Approved,file:///A:\___Projekte\10424582_2023 SG 50_132 SEN WP Holstenniendorf iTerra Wind GmbH (Jens Sieger) ,54.055234,9.325254,243369.0
204,2,Nein,WP Holstenniendorf,SEN,Siemens Gamesa,SG 5.0-132,10424582,SEN WP Holstenniendorf iTerra Wind GmbH (Jens Sieger)\,IACRUZ,2023-01-13,iTerra Wind GmbH ,Jens Sieger,WEA 2 von 4,S58231,WEA 02 ,84.0,132.0,Unbekannt ,Unbekannt ,Ja,N3,Nein,5.8,9.7,,,,,,,,,Approved,file:///A:\___Projekte\10424582_2023 SG 50_132 SEN WP Holstenniendorf iTerra Wind GmbH (Jens Sieger) ,54.05504,9.330431,243369.0
205,2,Nein,WP Holstenniendorf,SEN,Siemens Gamesa,SG 5.0-132,10424582,SEN WP Holstenniendorf iTerra Wind GmbH (Jens Sieger)\,IACRUZ,2023-01-13,iTerra Wind GmbH ,Jens Sieger,WEA 3 von 4,S58238,WEA 03,84.0,132.0,Unbekannt,Unbekannt,Ja,N3,Nein,6.0,9.9,,,,,,,,,Approved,file:///A:\___Projekte\10424582_2023 SG 50_132 SEN WP Holstenniendorf iTerra Wind GmbH (Jens Sieger) ,54.056457,9.335056,243369.0
206,2,Nein,WP Holstenniendorf,SEN,Siemens Gamesa,SG 5.0-132,10424582,SEN WP Holstenniendorf iTerra Wind GmbH (Jens Sieger)\,IACRUZ,2023-01-13,iTerra Wind GmbH ,Jens Sieger,WEA 4 von 4,S58239,WEA 04,84.0,132.0,Unbekannt,Unbekannt,Ja,N2,Nein,5.8,9.4,,,,,,,,,Approved,file:///A:\___Projekte\10424582_2023 SG 50_132 SEN WP Holstenniendorf iTerra Wind GmbH (Jens Sieger) ,54.05637,9.340127,243369.0
207,,,WP Rantrum,SEN,Nordex,N117,10425091,SEN WP Rantrum BGZ Fondsverwaltung GmbH (Andre Hansen)\,RICFRE,2023-01-20,BGZ Fondsverwaltung GmbH ,Andre Hansen,WEA 1 von 4,,WEA 1,91.0,117.0,Unbekannt ,Unbekannt ,Unbekannt ,,,,,,,,,,,,,Approved,file:///A:\___Projekte\10425091_2023 N117 SEN WP Rantrum BGZ Fondsverwaltung GmbH (Andre Hansen) ,54.462585,9.144559,243019.0
208,,,WP Rantrum,SEN,Nordex,N117,10425091,SEN WP Rantrum BGZ Fondsverwaltung GmbH (Andre Hansen)\,RICFRE,2023-01-20,BGZ Fondsverwaltung GmbH ,Andre Hansen,WEA 2 von 4,,WEA 4,91.0,117.0,Unbekannt,Unbekannt,Unbekannt,,,,,,,,,,,,,Approved,file:///A:\___Projekte\10425091_2023 N117 SEN WP Rantrum BGZ Fondsverwaltung GmbH (Andre Hansen) ,54.460563,9.143211,243019.0
209,,,WP Rantrum,SEN,Nordex,N117,10425091,SEN WP Rantrum BGZ Fondsverwaltung GmbH (Andre Hansen)\,RICFRE,2023-01-20,BGZ Fondsverwaltung GmbH ,Andre Hansen,WEA 3 von 4,,WEA 5,91.0,117.0,Unbekannt,Unbekannt,Unbekannt,,,,,,,,,,,,,Approved,file:///A:\___Projekte\10425091_2023 N117 SEN WP Rantrum BGZ Fondsverwaltung GmbH (Andre Hansen) ,54.459411,9.148074,243019.0
210,,,WP Rantrum,SEN,Nordex,N117,10425091,SEN WP Rantrum BGZ Fondsverwaltung GmbH (Andre Hansen)\,RICFRE,2023-01-20,BGZ Fondsverwaltung GmbH ,Andre Hansen,WEA 4 von 4,,WEA 6,91.0,117.0,Unbekannt,Unbekannt,Unbekannt,,,,,,,,,,,,,Approved,file:///A:\___Projekte\10425091_2023 N117 SEN WP Rantrum BGZ Fondsverwaltung GmbH (Andre Hansen) ,54.459036,9.153611,243019.0
211,0,messklar,La Jaille-Yvon FR,SEM,GE,GE 137,10426153,SEN La Jaille_Yvon FR SPV Parc Eolien (Camille Dusaucy)\,FELPLA,2023-01-27,SPV Parc Eolien ,Camille Dusaucy camille@ttrenergy.com,WEA 1 von 3,,E1,131.4,137.0,Nein,Ja,Nein,"Low Noise Mode C, NO",Ja,4.8,8.3,SW,TTREnergy,TTREnergy,TTREnergy,Wir sollen bei passendem Wetter eine Messung anbieten; PO wird dann vom Kunden kurzfristig erstellt; Bo ist Kontakt bei GE,,,,Approved,file:///A:\___Projekte\10426153_2023 GE 137 SEN La Jaille_Yvon FR SPV Parc Eolien (Camille Dusaucy) ,47.737872,-0.717983,243330.0
212,0,messklar,La Jaille-Yvon FR,SEM,GE,GE 137,10426153,SEN La Jaille_Yvon FR SPV Parc Eolien (Camille Dusaucy)\,FELPLA,2023-01-27,SPV Parc Eolien ,Camille Dusaucy camille@ttrenergy.com,WEA 2 von 3,,E2,131.4,137.0,Nein,Ja,Nein,"Low Noise Mode C, NO",Ja,4.8,8.3,SW,TTREnergy,TTREnergy,TTREnergy,Wir sollen bei passendem Wetter eine Messung anbieten; PO wird dann vom Kunden kurzfristig erstellt; Bo ist Kontakt bei GE,,,,Approved,file:///A:\___Projekte\10426153_2023 GE 137 SEN La Jaille_Yvon FR SPV Parc Eolien (Camille Dusaucy) ,47.737694,-0.713792,243330.0
213,0,messklar,La Jaille-Yvon FR,SEM,GE,GE 137,10426153,SEN La Jaille_Yvon FR SPV Parc Eolien (Camille Dusaucy)\,FELPLA,2023-01-27,SPV Parc Eolien ,Camille Dusaucy camille@ttrenergy.com,WEA 3 von 3,,E3,131.4,137.0,Nein,Ja,Nein,"Low Noise Mode C, NO",Ja,4.8,8.3,NO,TTREnergy,TTREnergy,TTREnergy,WEA wurde vermessen und ist zu laut,2023-06-01,,,Approved,file:///A:\___Projekte\10426153_2023 GE 137 SEN La Jaille_Yvon FR SPV Parc Eolien (Camille Dusaucy) ,47.731933,-0.720175,243330.0
214,,,WP Bobbau,SIM,DeWind,D8,10426163,SIM WP Bobbau Enertrag (Florian Sommer)\,PHISCH,2023-01-27,Enertrag ,Florian Sommer,WEA 1 von 4,,S3 Siebenhausen 3,100.0,80.0,Unbekannt,Unbekannt,Unbekannt,,,,,,,,,,,,,Approved,file:///A:\___Projekte\10426163_2023 D8 SIM WP Bobbau Enertrag (Florian Sommer) ,51.700663,12.243606,244088.0
215,,,WP Bobbau,SIM,DeWind,D8,10426163,SIM WP Bobbau Enertrag (Florian Sommer)\,PHISCH,2023-01-27,Enertrag ,Florian Sommer,WEA 2 von 4,,S4 Siebenhausen 4 (WO Wolfen),100.0,80.0,Unbekannt,Unbekannt,Unbekannt,,,,,,,,,,,,,Approved,file:///A:\___Projekte\10426163_2023 D8 SIM WP Bobbau Enertrag (Florian Sommer) ,51.69775,12.244067,244088.0
216,,,WP Bobbau,SIM,DeWind,D8,10426163,SIM WP Bobbau Enertrag (Florian Sommer)\,PHISCH,2023-01-27,Enertrag ,Florian Sommer,WEA 3 von 4,,S5 Siebenhausen 5,100.0,80.0,Unbekannt ,Unbekannt ,Unbekannt ,,,,,,,,,,,,,Approved,file:///A:\___Projekte\10426163_2023 D8 SIM WP Bobbau Enertrag (Florian Sommer) ,51.702299,12.247563,244088.0
217,,,WP Bobbau,SIM,DeWind,D8,10426163,SIM WP Bobbau Enertrag (Florian Sommer)\,PHISCH,2023-01-27,Enertrag ,Florian Sommer,WEA 4 von 4,,S6 Siebenhausen 6,100.0,80.0,Unbekannt,Unbekannt,Unbekannt,,,,,,,,,,,,,Approved,file:///A:\___Projekte\10426163_2023 D8 SIM WP Bobbau Enertrag (Florian Sommer) ,51.698215,12.249349,244088.0
218,,,WP Falkenwalde,SEN,GE,GE 4.5 MW,10426438,SEN WP Falkenwalde GE Renewable Energy (Bjoern Schierenbeck)\,ANNJO,2023-01-30,GE Renewable Energy ,Björn Schierenbeck,WEA 1 von 2,55209915,RH E7,161.0,158.0,Unbekannt,Ja,Unbekannt,,,,,,,,,,2022-11-17,2023-03-17,,Approved,file:///A:\___Projekte\10426438_2023 GE 45 MW SEN WP Falkenwalde GE Renewable Energy (Björn Schierenbeck) ,53.2831,14.036204,241686.0
219,,,WP Falkenwalde,SEN,GE,GE 4.5 MW,10426438,SEN WP Falkenwalde GE Renewable Energy (Bjoern Schierenbeck)\,ANNJO,2023-01-30,GE Renewable Energy ,Björn Schierenbeck,WEA 2 von 2,55209916,RH E8,161.0,158.0,Unbekannt,Ja,Unbekannt,,,,,,,,,,2022-11-17,2023-03-17,,Approved,file:///A:\___Projekte\10426438_2023 GE 45 MW SEN WP Falkenwalde GE Renewable Energy (Björn Schierenbeck) ,53.283747,14.030669,241686.0
221,0,Measured,Trebitz,SEN,Vestas,V162 5.6 MW,10428683,SEN V162 Trebitz II (245062),IACRUZ,2023-02-11,Notus energy Plan GmbH & Co. KG,Paula Kock,WEA 1 von 2,245074,WEA 02,169.0,162.0,Unbekannt,Unbekannt,Unbekannt,,,,,,,,,,2023-07-04,,,Approved,file:///a:\___Projekte\10428683_2023 V162 SEN Trebitz II Notus Energy (Paula Kock)\,52.045248,14.310843,245062.0
222,0,Measured,Trebitz,SEN,Vestas,V162 5.6 MW,10428683,SEN V162 Trebitz II (245062),IACRUZ,2023-02-11,Notus energy Plan GmbH & Co. KG,Paula Kock,WEA 2 von 2,245073,WEA 03,169.0,162.0,Unbekannt,Unbekannt,Unbekannt,,,,,,,,,,2023-07-04,,,Approved,file:///a:\___Projekte\10428683_2023 V162 SEN Trebitz II Notus Energy (Paula Kock)\,52.04812,14.344659,245062.0
223,,,Nordermeldorf,SEN,Siemens Gamesa,SG 6.6-155,10429130,SEN BWP Nordermeldorf (244577),ULFKOC,2023-02-11,Nordermeldorf-Wind GmbH & Co. KG,Carsten_Nahne Rohde,WEA 1 von 9,,WEA-1,122.5,155.0,Unbekannt,Unbekannt,Unbekannt,,,,,,,,,,,,,Approved,file:///a:\___Projekte\10429130_2023 SG 6.6_155 SEN BWP Nordermeldorf Nordermeldorf Wind GmbH (Carsten_Nahne Rohde)\,54.134007,9.030671,244577.0
224,,,Nordermeldorf,SEN,Siemens Gamesa,SG 6.6-155,10429130,SEN BWP Nordermeldorf (244577),ULFKOC,2023-02-11,Nordermeldorf-Wind GmbH & Co. KG,Carsten_Nahne Rohde,WEA 2 von 9,,WEA-2,122.5,155.0,Unbekannt,Unbekannt,Unbekannt,,,,,,,,,,,,,Approved,file:///a:\___Projekte\10429130_2023 SG 6.6_155 SEN BWP Nordermeldorf Nordermeldorf Wind GmbH (Carsten_Nahne Rohde)\,54.137153,9.031791,244577.0
225,,,Nordermeldorf,SEN,Siemens Gamesa,SG 6.6-155,10429130,SEN BWP Nordermeldorf (244577),ULFKOC,2023-02-11,Nordermeldorf-Wind GmbH & Co. KG,Carsten_Nahne Rohde,WEA 3 von 9,,WEA-3,122.5,155.0,Unbekannt ,Unbekannt ,Unbekannt ,,,,,,,,,,,,,Approved,file:///a:\___Projekte\10429130_2023 SG 6.6_155 SEN BWP Nordermeldorf Nordermeldorf Wind GmbH (Carsten_Nahne Rohde)\,54.134455,9.036686,244577.0
226,,,Nordermeldorf,SEN,Siemens Gamesa,SG 6.6-155,10429130,SEN BWP Nordermeldorf (244577),ULFKOC,2023-02-11,Nordermeldorf-Wind GmbH & Co. KG,Carsten_Nahne Rohde,WEA 4 von 9,,WEA-4,122.5,155.0,Unbekannt ,Unbekannt ,Unbekannt ,,,,,,,,,,,,,Approved,file:///a:\___Projekte\10429130_2023 SG 6.6_155 SEN BWP Nordermeldorf Nordermeldorf Wind GmbH (Carsten_Nahne Rohde)\,54.132423,9.041061,244577.0
227,,,Nordermeldorf,SEN,Siemens Gamesa,SG 6.6-155,10429130,SEN BWP Nordermeldorf (244577),ULFKOC,2023-02-11,Nordermeldorf-Wind GmbH & Co. KG,Carsten_Nahne Rohde,WEA 5 von 9,,WEA-5,122.5,155.0,Unbekannt,Unbekannt,Unbekannt,,,,,,,,,,,,,Approved,file:///a:\___Projekte\10429130_2023 SG 6.6_155 SEN BWP Nordermeldorf Nordermeldorf Wind GmbH (Carsten_Nahne Rohde)\,54.135208,9.044385,244577.0
228,,,Nordermeldorf,SEN,Siemens Gamesa,SG 6.0-155,10429130,SEN BWP Nordermeldorf (244577),ULFKOC,2023-02-11,Nordermeldorf-Wind GmbH & Co. KG,Carsten_Nahne Rohde,WEA 6 von 9,,WEA-6,122.5,155.0,Unbekannt,Unbekannt,Unbekannt,,,,,,,,,,,,,Approved,file:///a:\___Projekte\10429130_2023 SG 6.6_155 SEN BWP Nordermeldorf Nordermeldorf Wind GmbH (Carsten_Nahne Rohde)\,54.135187,9.050507,244577.0
229,,,Nordermeldorf,SEN,Siemens Gamesa,SG 6.0-155,10429130,SEN BWP Nordermeldorf (244577),ULFKOC,2023-02-11,Nordermeldorf-Wind GmbH & Co. KG,Carsten_Nahne Rohde,WEA 7 von 9,,WEA-7,122.5,155.0,Unbekannt,Unbekannt,Unbekannt,,,,,,,,,,,,,Approved,file:///a:\___Projekte\10429130_2023 SG 6.6_155 SEN BWP Nordermeldorf Nordermeldorf Wind GmbH (Carsten_Nahne Rohde)\,54.132418,9.053764,244577.0
230,,,Nordermeldorf,SEN,Siemens Gamesa,SG 5.0-132,10429130,SEN BWP Nordermeldorf (244577),ULFKOC,2023-02-11,Nordermeldorf-Wind GmbH & Co. KG,Carsten_Nahne Rohde,WEA 8 von 9,,WEA 8,84.0,132.0,Unbekannt,Unbekannt,Unbekannt,,,,,,,,,,,,,Approved,file:///a:\___Projekte\10429130_2023 SG 6.6_155 SEN BWP Nordermeldorf Nordermeldorf Wind GmbH (Carsten_Nahne Rohde)\,54.130372,9.043998,244577.0
231,,,Nordermeldorf,SEN,Siemens Gamesa,SG 5.0-132,10429130,SEN BWP Nordermeldorf (244577),ULFKOC,2023-02-11,Nordermeldorf-Wind GmbH & Co. KG,Carsten_Nahne Rohde,WEA 9 von 9,,WEA 9,84.0,132.0,Unbekannt ,Unbekannt ,Unbekannt ,,,,,,,,,,,,,Approved,file:///a:\___Projekte\10429130_2023 SG 6.6_155 SEN BWP Nordermeldorf Nordermeldorf Wind GmbH (Carsten_Nahne Rohde)\,54.134719,9.026294,244577.0
232,,,Oldersbek,SEN,Enercon,E115 4.2 MW,10429369,SEN Oldersbek (245163),ULMR,2023-02-09,SNC Wind UG (haftungsbeschränkt) & Co. KG,Thurid Kuhk,WEA 1 von 1,1160115,SNC Wind - WEA 1,92.0,115.7,Unbekannt,Unbekannt,Ja,,,,,,,,,,,,,Approved,file:///a:\___Projekte\10429369_2023 E115 SEN WP Oldersbek nttb (Thurid Kuhk)\,54.460067,9.170214,245163.0
233,,,Schantebüll,SEN,Enercon,E138,10429371,SEN WP Schnatebüll (245095),RICFRE,2023-02-10,Windpark Schnatebüll Repowering GmbH & Co. KG,Volker Storm,WEA 1 von 1,1380840,WEA 11 ,110.8,138.25,Unbekannt,Unbekannt,Ja,,,,,,,,,,,,,Approved,file:///a:\___Projekte\10429371_2023 E138 SEN WP Schnatebüll Ingbüro Volker Storm (Volker Storm)\,54.758701,8.903209,245095.0
234,,,Braderup,SEN,Vestas,V150,10429372,SEN BWP Braderup (245162),RICFRE,2023-02-08,BWP Braderup-Tinningstedt GmbH & Co KG,Heinz Carstensen,WEA 1 von 1,,WEA 01 Kathal,,,Unbekannt ,Unbekannt ,Unbekannt ,,,,,,,,,,,,,Approved,file:///a:\___Projekte\10429372_2023 V150 SEN WP Braderup_Tinningstedt BWP Braderup_Tinningstedt GmbH (Heinz Carstensen)\,54.821379,8.906042,245162.0
235,,,Wöhrden,SEN,Vestas,V162-6.2MW,10430212,SEN V162 WP Wöhrden (243887),ANNJO,2023-02-08,Repowering Wöhrden Poolgesellschaft GmbH & Co. KG,Andre Hansen,WEA 1 von 7,246036,WEA1 (064),119.0,162.0,Unbekannt,Unbekannt,Ja,"SO2: 102.4 SO5: 99.9 SO2: 103 SO5: 99.6 SO2: 102.7 SO3: 101.3 SO4: 100,5  ",,,,,,,"Andreas & Michael Mohr GbR, Göser Windenergie GbR, Jacobs und Kielholz, Looft und Bröcker GmbH & Co. KG, MAW GmbH & Co. 2. Windkraft KG, Norderwöhrden Poolgesellschaft mbH, Windpark Don Quichote GmbH & Co. KG, Windpark Wischmann GmbH & Co. KG, WKN Windkraft Nord GmbH & Co. Windpark Wöhrden I KG",,,,,Approved,file:///a:\___Projekte\10430212_2023 V162 SEN WP Woehrden BGZ Fondsverwaltung (Andre Hansen)\,54.179294,9.019796,243887.0
236,,,Wöhrden,SEN,Vestas,V162-6.2MW,10430212,SEN V162 WP Wöhrden (243887),ANNJO,2023-02-08,Repowering Wöhrden Poolgesellschaft GmbH & Co. KG,Andre Hansen,WEA 2 von 7,246037,WEA2 (065),119.0,162.0,Unbekannt,Unbekannt,Ja,,,,,,,,,,,,,Approved,file:///a:\___Projekte\10430212_2023 V162 SEN WP Woehrden BGZ Fondsverwaltung (Andre Hansen)\,54.176159,9.014907,243887.0
237,,,Wöhrden,SEN,Vestas,V162-6.2MW,10430212,SEN V162 WP Wöhrden (243887),ANNJO,2023-02-08,Repowering Wöhrden Poolgesellschaft GmbH & Co. KG,Andre Hansen,WEA 3 von 7,246038,WEA3 (066),119.0,162.0,Unbekannt,Unbekannt,Ja,,,,,,,,,,,,,Approved,file:///a:\___Projekte\10430212_2023 V162 SEN WP Woehrden BGZ Fondsverwaltung (Andre Hansen)\,54.176302,9.022735,243887.0
238,,,Wöhrden,SEN,Vestas,V162-6.2MW,10430212,SEN V162 WP Wöhrden (243887),ANNJO,2023-02-08,Repowering Wöhrden Poolgesellschaft GmbH & Co. KG,Andre Hansen,WEA 4 von 7,246039,WEA4 (067),119.0,162.0,Unbekannt ,Unbekannt ,Ja,,,,,,,,,,,,,Approved,file:///a:\___Projekte\10430212_2023 V162 SEN WP Woehrden BGZ Fondsverwaltung (Andre Hansen)\,54.173194,9.017588,243887.0
239,,,Wöhrden,SEN,Vestas,V162-6.2MW,10430212,SEN V162 WP Wöhrden (243887),ANNJO,2023-02-08,Repowering Wöhrden Poolgesellschaft GmbH & Co. KG,Andre Hansen,WEA 5 von 7,246040,WEA5 (068),119.0,162.0,Unbekannt,Unbekannt,Ja,,,,,,,,,,,,,Approved,file:///a:\___Projekte\10430212_2023 V162 SEN WP Woehrden BGZ Fondsverwaltung (Andre Hansen)\,54.17304,9.02431,243887.0
240,,,Wöhrden,SEN,Vestas,V162-6.2MW,10430212,SEN V162 WP Wöhrden (243887),ANNJO,2023-02-08,Repowering Wöhrden Poolgesellschaft GmbH & Co. KG,Andre Hansen,WEA 6 von 7,246041,WEA6 (069),119.0,162.0,Unbekannt,Unbekannt,Ja,,,,,,,,,,,,,Approved,file:///a:\___Projekte\10430212_2023 V162 SEN WP Woehrden BGZ Fondsverwaltung (Andre Hansen)\,54.169321,9.022654,243887.0
241,,,Wöhrden,SEN,Vestas,V162-6.2MW,10430212,SEN V162 WP Wöhrden (243887),ANNJO,2023-02-08,Repowering Wöhrden Poolgesellschaft GmbH & Co. KG,Andre Hansen,WEA 7 von 7,246042,WEA7 (070),119.0,162.0,Unbekannt,Unbekannt,Ja,,,,,,,,,,,,,Approved,file:///a:\___Projekte\10430212_2023 V162 SEN WP Woehrden BGZ Fondsverwaltung (Andre Hansen)\,54.165718,9.02057,243887.0
242,,,Albringhausen,SEN,Enercon ,E-160 EP5 E3 / 5560,10430226,SEN 6x E160EP3 Alb (242298),PHISCH,2023-02-09,ENERCON GmbH,Sven Bigalke,WEA 1 von 6,1603213,WP Albringhausen II Repowering WEA 6,166.6,160.0,Unbekannt ,Unbekannt ,Unbekannt ,,,5.0,16.0,,,,,,2023-04-13,,,Approved,file:///a:\___Projekte\10430226_2023 E160EP3 SET Albringhausen ENERCON GmbH (Sven Bigalke)\,54.788583,8.795961,242298.0
248,0,Nein,Uelvesbüll,SEN,Senvion,"V115-4,1 MW",10431215,SEN Vens Uelvesbüll (241470),IACRUZ,2023-02-27,Windpark Uelvesbüll GmbH,Kai Offermanns,WEA 1 von 4,,VS214-BM2-4500kW,92.5,115.0,Ja,Unbekannt,Ja,Mode 2,,,,,,,,Genehmigter Mode wird nicht mehr von Vensys nicht verkauft,,,,Approved,file:///a:\___Projekte\10431215_2023 V115 SEN WP Uelvesbüll Cimbergy (Kai Offermanns)\,54.408917,8.938261,241470.0
249,0,Nein,Uelvesbüll,SEN,Senvion,"V115-4,1 MW",10431215,SEN Vens Uelvesbüll (241470),IACRUZ,2023-02-27,Windpark Uelvesbüll GmbH,Kai Offermanns,WEA 2 von 4,,VS215-BM4-2800kW,92.5,115.0,Ja,Unbekannt,Ja,Mode 4,,,,,,,,Genehmigter Mode wird nicht mehr von Vensys nicht verkauft,,,,Approved,file:///a:\___Projekte\10431215_2023 V115 SEN WP Uelvesbüll Cimbergy (Kai Offermanns)\,54.405053,8.937489,241470.0
250,0,Nein,Uelvesbüll,SEN,Senvion,"V115-4,1 MW",10431215,SEN Vens Uelvesbüll (241470),IACRUZ,2023-02-27,Windpark Uelvesbüll GmbH,Kai Offermanns,WEA 3 von 4,,VS216-BM3-3100kW,92.5,115.0,Ja,Unbekannt ,Ja,Mode 3,,,,,,,,Genehmigter Mode wird nicht mehr von Vensys nicht verkauft,,,,Approved,file:///a:\___Projekte\10431215_2023 V115 SEN WP Uelvesbüll Cimbergy (Kai Offermanns)\,54.406217,8.943908,241470.0
251,0,Nein,Uelvesbüll,SEN,Senvion,"V115-4,1 MW",10431215,SEN Vens Uelvesbüll (241470),IACRUZ,2023-02-27,Windpark Uelvesbüll GmbH,Kai Offermanns,WEA 4 von 4,,VS217-BM5-2500kW,92.5,115.0,Ja,Unbekannt ,Ja,Mode 5,,,,,,,,Genehmigter Mode wird nicht mehr von Vensys nicht verkauft,,,,Approved,file:///a:\___Projekte\10431215_2023 V115 SEN WP Uelvesbüll Cimbergy (Kai Offermanns)\,54.409228,8.950183,241470.0
252,3,Ja,Asch,SEN,Enercon,E82,10431580,SEN WP Asch E82 (245521),IACRUZ,2023-03-01,ENERCON GmbH,Mirko Martens,WEA 1 von 2,E826801,,108.4,82.0,Unbekannt,Unbekannt,Unbekannt,BM 0,Ja,6.3,10.3,WWN,,,,AP Parallel,,,,Approved,file:///a:\___Projekte\10431580_2023 E82 SEN WP Asch WRD (Mirko Martens)\,49.859851,12.459944,245521.0
253,3,Ja,Asch,SEN,Enercon,E82,10431580,SEN WP Asch E82 (245521),IACRUZ,2023-03-01,ENERCON GmbH,Mirko Martens,WEA 2 von 2,E826802,,108.4,82.0,Unbekannt,Unbekannt,Unbekannt,BM 0,Ja,6.3,10.3,WSW,,,,AP Parallel,,,,Approved,file:///a:\___Projekte\10431580_2023 E82 SEN WP Asch WRD (Mirko Martens)\,49.857786,12.461482,245521.0
254,0,on hold,Schlaa,SEN,Enercon,E160 EP5 E3,10432594,SEN WP Schlaa E-160 (244222),FELPLA,2023-03-08,Windpark Schlaa GmbH & Co. KG,Thurid Kuhk,WEA 1 von 1,E1603200,WEA1,120.0,160.0,Nein,Nein,Ja,NR VIIs,Nein,5.8,9.4,W,Unbekannt,Aufgabe von NTTB,EP76813 / Anlagennummer S59423; Wir haben Vollmacht,WEA soll im August in Betrieb gehen; EisMan Betriebe müssen für das Amt eigentlich auch vermessen werden; aber WEA steht neben Autobahn,,,,Approved,file:///a:\___Projekte\10432594_2023 E160 SEN WP Schlaa nttb (Thurid Kuhk)\,54.121783,9.260774,244222.0
255,,,Büttler Balje,SEN,Enercon,E82 E2,10433177,SEN SON E82 WP Bütt (246224),ULFKOC,2023-03-13,WTS Wind-Tuning-Systems GmbH,Klaus Röhm,WEA 1 von 2,826118,,98.0,82.0,Unbekannt ,Unbekannt ,Unbekannt ,,,,,,,,,,2023-04-01,,,Approved,file:///a:\___Projekte\10433177_2023 E82 SEN SON WP Bütteljer Balje WTS (Klaus Röhm)\,54.151674,8.957511,246224.0
256,,,Büttler Balje,SEN,Enercon,E82 E2,10433177,SEN SON E82 WP Bütt (246224),ULFKOC,2023-03-13,WTS Wind-Tuning-Systems GmbH,Klaus Röhm,WEA 2 von 2,826119,,98.0,82.0,Unbekannt ,Unbekannt ,Unbekannt ,,,,,,,,,,2023-04-25,,,Approved,file:///a:\___Projekte\10433177_2023 E82 SEN SON WP Bütteljer Balje WTS (Klaus Röhm)\,54.151674,8.957511,246224.0
257,0,Ja,Regesborstel,SEN,Vestas,V150-5.6 MW,10434812,SEN Regesborstel (246796),IACRUZ,2023-03-13,Notus energy Plan GmbH & Co. KG,Paula Kock,WEA 1 von 2,243429,2,148.0,150.0,Unbekannt,Unbekannt,Unbekannt,PO6000,,5.3,9.0,NW,,,,AP Parallel zur E-Messung,,,,Approved,file:///a:\___Projekte\10434812_2023 V150 SEN Regesbostel Notus energy Plan GmbH (Paula Kock)\,53.389619,9.626952,246796.0
258,0,Ja,Regesborstel,SEN,Vestas,V150-5.6 MW,10434812,SEN Regesborstel (246796),IACRUZ,2023-03-13,Notus energy Plan GmbH & Co. KG,Paula Kock,WEA 2 von 2,243431,4,148.0,150.0,Unbekannt,Unbekannt,Unbekannt,SO2,,5.3,8.8,NW,,,,AP Parallel zur E-Messung,,,,Approved,file:///a:\___Projekte\10434812_2023 V150 SEN Regesbostel Notus energy Plan GmbH (Paula Kock)\,53.391086,9.635229,246796.0
259,,,Wöhrden,SET,Vestas,V162-6.2MW,10435259,SET Wöhrden I + II (247070),ANNJO,2023-03-28,Vestas Wind Systems A/S,NCN,WEA 1 von 7,V246036,WEA1,119.0,162.0,Unbekannt,Unbekannt,Unbekannt,,,,,,,,,,,,,Approved,file:///a:\___Projekte\10435259_2023 V162 SET Woehrden I II Vestas DK (NCN)\,54.179294,9.019796,247070.0
260,,,Wöhrden,SET,Vestas,V162-6.2MW,10435259,SET Wöhrden I + II (247070),ANNJO,2023-03-28,Vestas Wind Systems A/S,NCN,WEA 2 von 7,V246037,WEA2,119.0,162.0,Unbekannt,Unbekannt,Unbekannt,,,,,,,,,,,,,Approved,file:///a:\___Projekte\10435259_2023 V162 SET Woehrden I II Vestas DK (NCN)\,54.176159,9.014907,247070.0
261,,,Wöhrden,SET,Vestas,V162-6.2MW,10435259,SET Wöhrden I + II (247070),ANNJO,2023-03-28,Vestas Wind Systems A/S,NCN,WEA 3 von 7,V246038,WEA3,119.0,162.0,Unbekannt,Unbekannt,Unbekannt,,,,,,,,,,,,,Approved,file:///a:\___Projekte\10435259_2023 V162 SET Woehrden I II Vestas DK (NCN)\,54.176302,9.022735,247070.0
262,,,Wöhrden,SET,Vestas,V162-6.2MW,10435259,SET Wöhrden I + II (247070),ANNJO,2023-03-28,Vestas Wind Systems A/S,NCN,WEA 4 von 7,V246039,WEA4,119.0,162.0,Unbekannt ,Unbekannt ,Unbekannt ,,,,,,,,,,2023-04-27,,,Approved,file:///a:\___Projekte\10435259_2023 V162 SET Woehrden I II Vestas DK (NCN)\,54.173194,9.017588,247070.0
263,,,Wöhrden,SET,Vestas,V162-6.2MW,10435259,SET Wöhrden I + II (247070),ANNJO,2023-03-28,Vestas Wind Systems A/S,NCN,WEA 5 von 7,V246040,WEA5,119.0,162.0,Unbekannt,Unbekannt,Unbekannt,,,,,,,,,,,,,Approved,file:///a:\___Projekte\10435259_2023 V162 SET Woehrden I II Vestas DK (NCN)\,54.17304,9.02431,247070.0
264,,,Wöhrden,SET,Vestas,V162-6.2MW,10435259,SET Wöhrden I + II (247070),ANNJO,2023-03-28,Vestas Wind Systems A/S,NCN,WEA 6 von 7,V246041,WEA6,119.0,162.0,Unbekannt,Unbekannt,Unbekannt,,,,,,,,,,,,,Approved,file:///a:\___Projekte\10435259_2023 V162 SET Woehrden I II Vestas DK (NCN)\,54.169321,9.022654,247070.0
265,,,Wöhrden,SET,Vestas,V162-6.2MW,10435259,SET Wöhrden I + II (247070),ANNJO,2023-03-28,Vestas Wind Systems A/S,NCN,WEA 7 von 7,V246042,WEA7,119.0,162.0,Unbekannt,Unbekannt,Unbekannt,,,,,,,,,,,,,Approved,file:///a:\___Projekte\10435259_2023 V162 SET Woehrden I II Vestas DK (NCN)\,54.165718,9.02057,247070.0
266,,,Himmelreich,SEN,Enercon,E-115 EP E3,10437296,SEN WP Himmelreich WES Ibs (Erik Rühmann)\,ANNJO,2023-04-13,Windpark Himmelreich GmbH & Co. KG,Erik Rühmann,WEA 1 von 1,1160008,WEA 3 Süd,92.0,115.7,Unbekannt ,Unbekannt ,Unbekannt ,,,,,,,,,,,,,Approved,file:///a:\___Projekte\10437296_2023 E115 SEN WP Himmelreich WES Ibs (Erik Rühmann)\,54.005972,9.091288,247183.0
268,,Nicht genug Infos,Hemme,SEN,ENERCON,E-70,10161597,SEN WP Hemme (182757),ANNJO,2019-06-25,ENERCON GmbH,Paul Radons,WEA 1 von 2,784125,,,,Nein,Nein,Nein,,,5.0,15.0,W,,,,,,,,Approved,file:///A:\___Projekte\10161597_2019 E_70 SEN Hemme ENERCON (Paul Radons) ,54.269514,8.953031,182757.0
269,,,Dieksanderkoog,SEN,Enercon,E-70 E4,10205384,SEN E70 E4 Dieksanderkoog 783990 (197369),ANNJO,2020-03-16,ENERCON GmbH,Paul Radons,WEA 1 von 1,783990,WEA 6,85.0,71.0,Unbekannt,Unbekannt,Unbekannt,,,7.0,17.0,W,,,,,,,,Approved,file:///A:\___Projekte\10205384_2020 E_70 E4 SEN Dieksanderkoog Enercon GmbH (Paul Radons) ,53.957307,8.927839,197369.0
270,,Nicht genug Infos,Wittenhof,SIM,Vestas,V126,10206151,SIM Wittenhof ENER (194152),ULFKOC,2020-03-23,ENERTRAG SE,Jonas Armbröster,WEA 1 von 1,,,,,Unbekannt,Unbekannt,Ja,,,6.0,16.0,W,,,,"I_Messungen notwendig wegen hoher Vorbelastung, Telefonat mit T22 geführt",,,,Approved,file:///A:\___Projekte\10206151_2020 V126 SIM Wittenhof ENERTRAG Jonas Armröster (Jonas Armbröster) ,53.340331,13.898623,194152.0
271,,,_Marsberg_Ersatzstandort für Janneby,SET,Enercon,E-138 EP3 E2,10212487,SET E137 EP3 E2 Janneby (200062),RICFRE,2020-05-07,ENERCON GmbH,Fabian Martens,,1380274,,,,Ja,Ja,Unbekannt,,,6.0,16.0,W,,,,,,,,Approved,,51.519506,8.824914,200062.0
272,,,_Suederhackstedt_Ersatzstandort fuer Janneby,SET,Enercon,E-138 EP3 E2,10212487,SET E137 EP3 E2 Janneby (200062),RICFRE,2020-05-07,ENERCON GmbH,Fabian Martens,,1380456,WEA 1,111.0,138.0,,,,,,6.0,16.0,W,,,,,2022-01-20,2022-05-13,2022-06-23,Approved,,54.58004,9.27255,200062.0
273,"1,5",Ja,WP Wulkow,SEN,Vestas,V150,10341314,SEN WP Wulkow (228601),IACRUZ,2022-03-02,UGE Treplin GmbH & Co. KG Umweltgerechte Energie,Paul Radons,WEA 1 von 1,242290,WEA1,169.0,150.0,Unbekannt,Unbekannt,Ja,"PO6000, SO2.1",Nein,5.3,8.8,W,,Steven Koch (Heliotec),,,2022-05-21,,,Approved,file:///A:\___Projekte\10341314_2022 V150 SEN WP Wulkow UKA (Paul Radons) ,52.396675,14.427526,228601.0
274,0,Ja,Seelow-Gusow,SEN,Vestas,V150 5.6,10365480,SEN V150 Seelow-Gusow (230518),IACRUZ,2022-05-31,UGE Gusow GmbH & Co. KG Umweltgerechte Energie,Paul Radons,WEA 1 von 1,V242085,WEA Gusow 1,169.0,150.0,Unbekannt,Unbekannt,Ja,"PO5600, SO2.1",Nein,5.2,8.7,NNW,,"Energy Consult, Edinatur, Private Eigentum",,,,,,Approved,file:///A:\___Projekte\10365480_2022 V150 56 SEN Seelow_Gusow UGE (Paul Radons) ,52.549561,14.339161,230518.0
275,0,Ja,Dammfleth,SEN,Vestas,V136,10385875,SEN 2V136 Dammfleth (228853),IACRUZ,2022-11-02,Windpark Rothenmeer GmbH & Co. KG,Lars Andersen,WEA 1 von 2,V244067,WEA 79/1,82.0,136.0,Nein,Ja,Ja,SO1,Nein,5.7,9.3,W,,"WES Ibs, Windpark Hochfeld",,Kunde keine große Hilfe in der Planung,,,,Approved,file:///A:\___Projekte\10385875_2022 V136 SEN WP Dammfleth Eurowind (Federico Alcalde Burella) ,53.887615,9.359029,228853.0
276,0,Ja,Dammfleth,SEN,Vestas,V136,10385875,SEN 2V136 Dammfleth (228853),IACRUZ,2022-11-02,Windpark Rothenmeer GmbH & Co. KG,Lars Andersen,WEA 2 von 2,V244068,WEA 69/1,82.0,136.0,Nein,Ja,Ja,SO1,Nein,5.7,9.3,W,,"WES Ibs, Windpark Hochfeld",,Kunde keine große Hilfe in der Planung,,,,Approved,file:///A:\___Projekte\10385875_2022 V136 SEN WP Dammfleth Eurowind (Federico Alcalde Burella) ,53.88512,9.36036,228853.0
277,1,Nein,WP Silberpatweg Aachen,SEN,GE,GE 2.75-120,10392989,SEN WP Silberpatweg Aachen GE Wind Energy (Björn Schierenbeck)\,IACRUZ,2023-01-11,GE Wind Energy ,Björn Schierenbeck,WEA 1 von 2,GE27171217,WEA16,139.0,120.0,Ja ,Unbekannt ,Unbekannt ,NRO100,Nein,5.0,8.5,W,,,,"Autobahn in unmittelbare Nähe, Messung unbediengt in der Nacht und Wochenende",2023-01-08,,,Approved,a:\___Projekte\10392989_2022 GE 275_120 SEN WP Silberpatweg Aachen GE Wind Energy (Björn Schierenbeck)\,50.822714,6.028481,242541.0
278,2,Nein,WP Holstenniendorf,SEN,Siemens Gamesa,SG 5.0-132,10424582,SEN WP Holstenniendorf iTerra Wind GmbH (Jens Sieger)\,IACRUZ,2023-01-13,iTerra Wind GmbH ,Jens Sieger,WEA 1 von 4,S58217,WEA 01 ,84.0,132.0,Unbekannt ,Unbekannt ,Ja,N2,Nein,5.8,9.4,,,,,,,,,Approved,file:///A:\___Projekte\10424582_2023 SG 50_132 SEN WP Holstenniendorf iTerra Wind GmbH (Jens Sieger) ,54.055234,9.325254,243369.0
279,2,Nein,WP Holstenniendorf,SEN,Siemens Gamesa,SG 5.0-132,10424582,SEN WP Holstenniendorf iTerra Wind GmbH (Jens Sieger)\,IACRUZ,2023-01-13,iTerra Wind GmbH ,Jens Sieger,WEA 2 von 4,S58231,WEA 02 ,84.0,132.0,Unbekannt ,Unbekannt ,Ja,N3,Nein,5.8,9.7,,,,,,,,,Approved,file:///A:\___Projekte\10424582_2023 SG 50_132 SEN WP Holstenniendorf iTerra Wind GmbH (Jens Sieger) ,54.05504,9.330431,243369.0
280,2,Nein,WP Holstenniendorf,SEN,Siemens Gamesa,SG 5.0-132,10424582,SEN WP Holstenniendorf iTerra Wind GmbH (Jens Sieger)\,IACRUZ,2023-01-13,iTerra Wind GmbH ,Jens Sieger,WEA 3 von 4,S58238,WEA 03,84.0,132.0,Unbekannt,Unbekannt,Ja,N3,Nein,6.0,9.9,,,,,,,,,Approved,file:///A:\___Projekte\10424582_2023 SG 50_132 SEN WP Holstenniendorf iTerra Wind GmbH (Jens Sieger) ,54.056457,9.335056,243369.0
281,2,Nein,WP Holstenniendorf,SEN,Siemens Gamesa,SG 5.0-132,10424582,SEN WP Holstenniendorf iTerra Wind GmbH (Jens Sieger)\,IACRUZ,2023-01-13,iTerra Wind GmbH ,Jens Sieger,WEA 4 von 4,S58239,WEA 04,84.0,132.0,Unbekannt,Unbekannt,Ja,N2,Nein,5.8,9.4,,,,,,,,,Approved,file:///A:\___Projekte\10424582_2023 SG 50_132 SEN WP Holstenniendorf iTerra Wind GmbH (Jens Sieger) ,54.05637,9.340127,243369.0
282,0,Ja,Regesborstel,SEN,Vestas,V150-5.6 MW,10434812,SEN Regesborstel (246796),IACRUZ,2023-03-13,Notus energy Plan GmbH & Co. KG,Paula Kock,WEA 2 von 2,243431,4,148.0,150.0,Unbekannt,Unbekannt,Unbekannt,SO2,,5.3,8.8,NW,,,,AP Parallel zur E-Messung,,,,Approved,file:///a:\___Projekte\10434812_2023 V150 SEN Regesbostel Notus energy Plan GmbH (Paula Kock)\,53.391086,9.635229,246796.0
283,0,Nein,Hellschen-Heringsand-Unterschaar,SEN,Vestas,V136-4.2MW,10436796,SEN WP HHU nttb (Thurid Kuhk)\,IACRUZ,2023-04-04,Repowering Windpark HHU Pool GmbH,Thurid Kuhk,WEA 1 von 4,,1,82.0,136.0,Unbekannt ,Unbekannt ,Ja ,SO1,,5.6,9.3,,,,,,,,,Approved,file:///a:\___Projekte\10436796_2023 V136 SEN WP HHU nttb (Thurid Kuhk)\,54.203632,8.854942,244292.0
284,0,Nein,Hellschen-Heringsand-Unterschaar,SEN,Vestas,V136-4.2MW,10436796,SEN WP HHU nttb (Thurid Kuhk)\,IACRUZ,2023-04-04,Repowering Windpark HHU Pool GmbH,Thurid Kuhk,WEA 2 von 4,,2,112.0,136.0,Unbekannt,Unbekannt,Ja ,SO1,,5.3,9.0,,,,,,,,,Approved,file:///a:\___Projekte\10436796_2023 V136 SEN WP HHU nttb (Thurid Kuhk)\,54.199191,8.86112,244292.0
285,0,Nein,Hellschen-Heringsand-Unterschaar,SEN,Vestas,V136-4.2MW,10436796,SEN WP HHU nttb (Thurid Kuhk)\,IACRUZ,2023-04-04,Repowering Windpark HHU Pool GmbH,Thurid Kuhk,WEA 3 von 4,,3,112.0,136.0,Unbekannt,Unbekannt,Ja ,SO1,,5.3,9.0,,,,,,,,,Approved,file:///a:\___Projekte\10436796_2023 V136 SEN WP HHU nttb (Thurid Kuhk)\,54.196454,8.856853,244292.0
286,0,Nein,Hellschen-Heringsand-Unterschaar,SEN,Vestas,V136-4.2MW,10436796,SEN WP HHU nttb (Thurid Kuhk)\,IACRUZ,2023-04-04,Repowering Windpark HHU Pool GmbH,Thurid Kuhk,WEA 4 von 4,,4,112.0,136.0,Unbekannt ,Unbekannt ,Ja ,SO1,,5.3,9.0,,,,,,,,,Approved,file:///a:\___Projekte\10436796_2023 V136 SEN WP HHU nttb (Thurid Kuhk)\,54.200472,8.850048,244292.0
287,5,on hold,Remmels,SEM,GE,GE 5.3-158,10440879,SEN WP Remmels GE Wind Energy GmbH (Sabrina Apke),FELPLA,2023-05-05,GE Wind Energy GmbH,Bo Schierenbeck,WEA 1 von 2,GE552016378,WEA 2,120.9,158.0,Nein,Ja,Nein,NO,Nein,5.4,8.9,NW,Unbekannt,GE,GE,Bins > 10.5 fehlen; WEA ab 2023-07-17 messklar,2023-06-01,,,Approved,,54.124391,9.633294,247648.0
288,5,on hold,Remmels,SEM,GE,GE 5.3-158,10440879,SEN WP Remmels GE Wind Energy GmbH (Sabrina Apke),FELPLA,2023-05-05,GE Wind Energy GmbH,Bo Schierenbeck,WEA 2 von 2,GE552016377,WEA 1,120.9,158.0,Nein,Ja,Nein,NO,Nein,5.4,8.9,W,Unbekannt,GE,GE,WEA ab 2023-07-17 messklar,2023-06-27,,,Approved,,54.130769,9.642436,247648.0
289,5,on hold,Jahrsdorf,SEM,GE,GE 5.3-158,10440882,SEN WP Jahrsdorf GE Wind Energy GmbH (Sabrina Apke),FELPLA,2023-05-05,GE Wind Energy GmbH,Bo Schierenbeck,WEA 1 von 1,"GE552016376
",WEA 1,120.9,158.0,Nein,Ja,Nein,NO,Nein,5.4,8.9,NW,Unbekannt,Keine,GE,WEA ab 2023-07-17 messklar,2023-06-01,,,Approved,,54.074517,9.621255,247649.0
290,0,on hold,Bankewitz,SEN,GE,GE 5.3-158,10443386,SEN WP Bankewitz wpd (Margot Petersen_Jaenicke),FELPLA,2023-05-24,WPD,Margot Petersen m.petersen@wpd.de,WEA 1 von 3,GE552201376,WEA 1,161.0,158.0,Nein,Ja,Ja,NO,Nein,5.3,8.5,W,Unbekannt,WPD,WPD,Bitte Messkonzept beachten; Messklarheit unbekannt,,,,Approved,,53.021938,10.814702,248235.0
291,0,on hold,Bankewitz,SEN,GE,GE 5.3-158,10443386,SEN WP Bankewitz wpd (Margot Petersen_Jaenicke),FELPLA,2023-05-24,WPD,Margot Petersen m.petersen@wpd.de,WEA 2 von 3,GE552201370,WEA 3,161.0,158.0,Nein,Ja,Ja,NO,Nein,5.3,8.5,W,Unbekannt,WPD,WPD,Bitte Messkonzept beachten; Messklarheit unbekannt,,,,Approved,,53.023789,10.819477,248235.0
292,0,on hold,Bankewitz,SEN,GE,GE 5.3-158,10443386,SEN WP Bankewitz wpd (Margot Petersen_Jaenicke),FELPLA,2023-05-24,WPD,Margot Petersen m.petersen@wpd.de,WEA 3 von 3,GE552201374,WEA 7,161.0,158.0,Nein,Ja,Ja,NO,Nein,5.3,8.5,W,Unbekannt,WPD,WPD,Bitte Messkonzept beachten; Messklarheit unbekannt,,,,Approved,,53.015971,10.833266,248235.0
293,0,messklar,Lebus,SEN,Vestas,V162-6.0,10444116,SEN WP Lebus UKA (Christian Grundmann),FELPLA,2023-05-25,UKA,Christian Grundmann immission@uka-group.com,WEA 1 von 1,V245169,WEA 2,169.0,162.0,Nein,Ja,Ja,"SO2, SO4",Nein,4.8,7.9,,Unbekannt,Aufgabe von UKA,Aufgabe von UKA,"WEA messklar, aber Mais um WEA",,,,Approved,,52.442311,14.492995,248135.0
294,0,on hold,Gaishecke,SEN SIM,Vestas,V126,10446590,SEN SIM WP Gaishecke Fichtner GmbH (Franziska Fuhs),FELPLA,2023-06-13,Fichtner GmbH,Franziska.Fuhs@fichtner.de,WEA 1 von 2,V246460,WEA 6,149.0,126.0,Nein,Ja,Ja,Mode 0,Nein,5.0,8.2,W,Unbekannt,Fichtner,Aufgabe von Fichtner,"WEA sollen ab Mitte September in Betrieb gehen; Zeitgleich Immissionsmessung; Messkonzept noch nicht genehmigt
",,,,Approved,,50.918874,9.933975,243272.0
295,0,on hold,Gaishecke,SEN SIM,Vestas,V126,10446590,SEN SIM WP Gaishecke Fichtner GmbH (Franziska Fuhs),FELPLA,2023-06-13,Fichtner GmbH,Franziska.Fuhs@fichtner.de,WEA 2 von 2,V246465,WEA 12,149.0,126.0,Nein,Ja,Ja,Mode 0,Nein,5.0,8.2,W,Unbekannt,Fichtner,Aufgabe von Fichtner,"WEA sollen ab Mitte September in Betrieb gehen; Zeitgleich Immissionsmessung; Messkonzept noch nicht genehmigt
",,,,Approved,,50.90758,9.936996,243272.0
