,Priority 1-6 (low - high),Status (messklar/on hold),Messort,Art,Hersteller,WEA-Typ,Projektnumber  (link to PowerBI PM Dashboard),Projectname,DNV PM,Auftragsdatum,Kunde,"Ansprechpartner Kunde (E-Mail, phone)",WEA X von Y,Ser.-Nr.,WP-Nr.:,HB,LK,BImschG,Modi Liste,Beschwerdelage ja/nein Bemerkungen,min. Wind speed needed,max. Wind speed needed,bevorz.  WR (falls bekannt),Landowner of  Turbine or Measurment area,Owner of neighbour turbines which have to be shut down,Gridoperator EisMan,sonst. Bemerkungen,Messung 1 Datum/ MA,Messung 3 Datum/ MA,Messung 3 Datum/ MA.1,Stand x = close,Link project folder Acoustics,Breitengrad,Längengrad,L2C/ Salesforce (Link)
0,,,Windpark Högel,SIM,Enercon,E101,10128976,SIM WP Högel (176339),ULFKOC,2018-11-23,Windpark Högel GmbH & Co. KG,Paul-Martin Andresen,WEA 1 von 2,,,Unbekannt,Unbekannt,Unbekannt,,,5.0,15.0,W,,,,,,,,Approved,file:///A:\___Projekte\10128976_18 E101 SIM Windpark Högel Windpark Högel GmbH (Paul_Martin Andresen) ,,,176339
1,,,Windpark Högel,SIM,Enercon,E101,10128976,SIM WP Högel (176339),ULFKOC,2018-11-23,Windpark Högel GmbH & Co. KG,Paul-Martin Andresen,WEA 2 von 2,,,Unbekannt,Unbekannt,Unbekannt,,,5.0,15.0,W,,,,,,,,Approved,file:///A:\___Projekte\10128976_18 E101 SIM Windpark Högel Windpark Högel GmbH (Paul_Martin Andresen) ,,,176339
2,,,WP Thüle,SEN,Enercon,E 101 E 92,10131349,SEN E92 E101 Thüle (177279),JOPRZ,2018-12-19,ENERCON GmbH,Joachim Schlote,WEA 1 von 3,1011464,,Unbekannt,Unbekannt,Unbekannt,,,,,,,,,,,,,Approved,file:///A:\___Projekte\10131349_18 E 101 E 92 SEN WP Thüle Enercon GmbH (Joachim Schlote) ,52.96833,7.97623,177279
3,,,WP Thüle,SEN,Enercon,E 101 E 92,10131349,SEN E92 E101 Thüle (177279),JOPRZ,2018-12-19,ENERCON GmbH,Joachim Schlote,WEA 2 von 3,,,Unbekannt,Unbekannt,Unbekannt,,,,,,,,,,,,,Approved,file:///A:\___Projekte\10131349_18 E 101 E 92 SEN WP Thüle Enercon GmbH (Joachim Schlote) ,,,177279
4,,,WP Thüle,SEN,Enercon,E 101 E 92,10131349,SEN E92 E101 Thüle (177279),JOPRZ,2018-12-19,ENERCON GmbH,Joachim Schlote,WEA 3 von 3,,,Unbekannt,Unbekannt,Unbekannt,,,,,,,,,,,,,Approved,file:///A:\___Projekte\10131349_18 E 101 E 92 SEN WP Thüle Enercon GmbH (Joachim Schlote) ,,,177279
5,,,Schuby,SIM,,,10155711,SIM Dethlefsen (181376),ULFKOC,2019-04-02,Norbert Detlefsen,Norbert Detlefsen,WEA 1 von 1,,,Unbekannt,Unbekannt,Unbekannt,,,7.0,17.0,W,,,,,,,,Approved,file:///A:\___Projekte\10155711_2019  SIM Schuby Norbert Detlefsen (Norbert Detlefsen) ,,,181376
6,,,WP Grafeld,SEN SIM,Senvion,3.2M122 NES,10158656,SEN SIM WP Grafeld (174035),PHISCH,2018-11-15,GO Wind Projekt GmbH & Co.KG,Gerrit Dallmann,WEA 1 von 4,301575,,Unbekannt,Unbekannt,Unbekannt,,,6.0,16.0,W,,,,,,,,Approved,file:///A:\___Projekte\10158656_2019 32M122 NES SEN SIM WP Grafeld GO Wind (Gerrit Dallmann) ,52.609159969087,7.649952987042,174035
7,,,WP Grafeld,SEN SIM,Senvion,3.2M122 NES,10158656,SEN SIM WP Grafeld (174035),PHISCH,2018-11-15,GO Wind Projekt GmbH & Co.KG,Gerrit Dallmann,WEA 2 von 4,301576,,Unbekannt,Unbekannt,Unbekannt,,,6.0,16.0,W,,,,,,,,Approved,file:///A:\___Projekte\10158656_2019 32M122 NES SEN SIM WP Grafeld GO Wind (Gerrit Dallmann) ,52.612925,7.651475,174035
8,,,WP Grafeld,SEN SIM,Senvion,3.2M122 NES,10158656,SEN SIM WP Grafeld (174035),PHISCH,2018-11-15,GO Wind Projekt GmbH & Co.KG,Gerrit Dallmann,WEA 3 von 4,301577,,Unbekannt,Unbekannt,Unbekannt,,,6.0,16.0,W,,,,,,,,Approved,file:///A:\___Projekte\10158656_2019 32M122 NES SEN SIM WP Grafeld GO Wind (Gerrit Dallmann) ,52.610869,7.655083,174035
9,,,WP Grafeld,SEN SIM,Senvion,3.2M122 NES,10158656,SEN SIM WP Grafeld (174035),PHISCH,2018-11-15,GO Wind Projekt GmbH & Co.KG,Gerrit Dallmann,WEA 4 von 4,301578,,Unbekannt,Unbekannt,Unbekannt,,,6.0,16.0,W,,,,,,,,Approved,file:///A:\___Projekte\10158656_2019 32M122 NES SEN SIM WP Grafeld GO Wind (Gerrit Dallmann) ,52.609719,7.659831,174035
10,,,WP Amöneburg,SEN,GE,GE 2.5MW,10158800,SEN GE 2.5 Amöneburg (182515),PHISCH,2019-05-27,CHORUS Wind Amöneburg GmbH & Co. KG,Jean-Maurice Bußhoff,WEA 1 von 1,28150062,,Unbekannt,Unbekannt,Unbekannt,,,7.0,17.0,W,,,,,,,,Approved,file:///A:\___Projekte\10158800_2019 GE 25MW SEN WP Amöneburg CHORUS Wind (Jean_Maurice Bußhoff) ,50.744717,8.898971,182515
11,,,Hemme,SEN,ENERCON,E-70,10161597,SEN WP Hemme (182757),ANNJO,2019-06-25,ENERCON GmbH,Paul Radons,WEA 1 von 2,784125,,Nein,Nein,Nein,,,5.0,15.0,W,,,,,,,,Approved,file:///A:\___Projekte\10161597_2019 E_70 SEN Hemme ENERCON (Paul Radons) ,54.269514,8.953031,182757
12,,,Hemme,SEN,ENERCON,E-70,10161597,SEN WP Hemme (182757),ANNJO,2019-06-25,ENERCON GmbH,Paul Radons,WEA 2 von 2,784301,,Nein,Nein,Nein,,,5.0,15.0,W,,,,,,,,Approved,file:///A:\___Projekte\10161597_2019 E_70 SEN Hemme ENERCON (Paul Radons) ,54.26501,8.95316,182757
13,,,WP Hemme,SEN,Enercon,E-82 E2,10165893,SEN E82 Hemme (187739),ANNJO,2019-08-01,ENERCON GmbH,Paul Radons,WEA 1 von 1,825702,,Unbekannt,Unbekannt,Unbekannt,,,5.0,15.0,W,,,,,,,,Approved,file:///A:\___Projekte\10165893_2019 E_82 E2 SEN WP Hemme Enercon GmbH (Paul Radons) ,,,187739
14,,,WP Hemme,SEN,Enercon,E-82 E2,10165893,SEN E82 Hemme (187739),ANNJO,2019-08-01,ENERCON GmbH,Paul Radons,WEA 1 von 1,825702,,Unbekannt,Unbekannt,Unbekannt,,,5.0,15.0,W,,,,,,,,Approved,file:///A:\___Projekte\10165893_2019 E_82 E2 SEN WP Hemme Enercon GmbH (Paul Radons) ,,,187739
15,,,WP Strübbel,SEN,Enercon,E-70,10169748,SEN E70 Strübbel (183228),ANNJO,2019-09-05,Hornskrug GmbH & Co. KG,Willi Paulsen,WEA 1 von 1,784302,,Unbekannt,Unbekannt,Unbekannt,,,6.0,16.0,W,,,,,,,,Approved,file:///A:\___Projekte\10169748_2019 E_70 SEN WP Strübbel Hornskrug GmbH und Co KG (Willi Paulsen) ,54.265506,8.958083,183228
16,,,Wieringerwierf NL,SET,Enercon,E-160 EP5 E1,10175590,SET E-160 Wieringerw (191528),JOPRZ,2019-11-08,ENERCON GmbH,Steve Schröder,WEA 1 von 1,,,Unbekannt,Unbekannt,Unbekannt,,,5.0,15.0,W,,,,,,,,Approved,file:///A:\___Projekte\10175590_2019 E_160 EP5 E1 SET Wieringerwierf NL Enercon GmbH (Steve Schröder) ,52.818063,5.071106,191528
17,,,KFZ Werkstatt,SIP STB,,,10177961,SIP Werkst Claußen (192278),ULFKOC,2019-11-22,Bernd Claußen,Bernd Claußen,WEA 1 von 1,,,Unbekannt,Unbekannt,Unbekannt,,,6.0,16.0,W,,,,,,,,Approved,file:///A:\___Projekte\10177961_2019  SIP STB KFZ Werkstatt Bernd Claußen (Bernd Claußen) ,,,192278
18,,,WP Hartenfelser Kopf,SEN,Schütz,VT 110,10189855,SEN Hartenfelser Kopf (194202),PHISCH,2020-01-24,Schütz GmbH & Co. KGaA,Jörg Klöckner,WEA 1 von 1,,,Unbekannt,Unbekannt,Unbekannt,,,5.0,15.0,W,,,,,,,,Approved,file:///A:\___Projekte\10189855_2020 VT 110 SEN WP Hartenfelser Kopf Schütz GmbH (Jörg Klöckner) ,50.621797,7.764551,194202
19,,,Dieksanderkoog,SEN,Enercon,E-70 E4,10205374,SEN E-70 Dieksanderkoog 783989 (197371),ANNJO,2020-03-16,ENERCON GmbH,Paul Radons,WEA 1 von 1,783989,,Unbekannt,Unbekannt,Unbekannt,,,7.0,17.0,W,,,,,,,,Approved,file:///A:\___Projekte\10205374_2020 E_70 E4 SEN Dieksanderkoog Enercon GmbH (Paul Radons) ,53.959137,8.927004,197371
20,,,Dieksanderkoog,SEN,Enercon,E-70 E4,10205384,SEN E70 E4 Dieksanderkoog 783990 (197369),ANNJO,2020-03-16,ENERCON GmbH,Paul Radons,WEA 1 von 1,783990,,Unbekannt,Unbekannt,Unbekannt,,,7.0,17.0,W,,,,,,,,Approved,file:///A:\___Projekte\10205384_2020 E_70 E4 SEN Dieksanderkoog Enercon GmbH (Paul Radons) ,53.957307,8.927839,197369
21,,,Wittenhof,SIM,Vestas,V126,10206151,SIM Wittenhof ENER (194152),ULFKOC,2020-03-23,ENERTRAG SE,Jonas Armbröster,WEA 1 von 1,,,Unbekannt,Unbekannt,Ja,,,6.0,16.0,W,,,,"I_Messungen notwendig wegen hoher Vorbelastung, Telefonat mit T22 geführt",,,,Approved,file:///A:\___Projekte\10206151_2020 V126 SIM Wittenhof ENERTRAG Jonas Armröster (Jonas Armbröster) ,53.340331,13.898623,194152
22,,,_Marsberg_Ersatzstandort für Janneby,SET,Enercon,E-138 EP3 E2,10212487,SET E137 EP3 E2 Janneby (200062),RICFRE,2020-05-07,ENERCON GmbH,Fabian Martens,,1380274,,,,,,,6.0,16.0,W,,,,,,,,Approved,,51.519506,8.824914,200062
23,,,_Suederhackstedt_Ersatzstandort fuer Janneby,SET,Enercon,E-138 EP3 E2,10212487,SET E137 EP3 E2 Janneby (200062),RICFRE,2020-05-07,ENERCON GmbH,Fabian Martens,,1380456,,,,,,,6.0,16.0,W,,,,,,,,Approved,,54.58004,9.27255,200062
24,,,Hermannsort,SET,Enercon,E-138 EP3 E2,10212487,SET E137 EP3 E2 Janneby (200062),RICFRE,2020-05-07,ENERCON GmbH,Fabian Martens,,1380722,,,,,,,7.0,17.0,W,,,,,,,,Approved,,54.532846,9.44244,200062
25,,,Hermannsort,SET,Enercon,E-138 EP3 E2,10212487,SET E137 EP3 E2 Janneby (200062),RICFRE,2020-05-07,ENERCON GmbH,Fabian Martens,,1380725,,,,,,,7.0,17.0,W,,,,,,,,Approved,,54.535142,9.44605,200062
26,,,Janneby,SET,Enercon,E138 EP3 E2,10212487,SET E137 EP3 E2 Janneby (200062),RICFRE,2020-05-07,ENERCON GmbH,Fabian Martens,WEA 1 von 1,1380324,,Unbekannt,Unbekannt,Unbekannt,,,4.0,14.0,W,,,,,,,,Approved,file:///A:\___Projekte\10212487_2020 E138 EP3 E2 SET Janneby Enercon GmbH (Fabian Martens) ,54.64249741882,9.3196514177803,200062
27,,,Janneby,SET,Enercon,E-115,10212487,SET E137 EP3 E2 Janneby (200062),RICFRE,2020-05-07,ENERCON GmbH,Fabian Martens,,1160001,,,,,,,5.0,15.0,W,,,,,,,,Approved,,54.644701,9.317356,200062
28,,,WP Himmelreich,SEN,Enercon,E-115 EP 3,10244887,SEN Himmelreich (201223),ANNJO,2020-05-26,Windpark Himmelreich GmbH & Co. KG,Jan Heckens,WEA 2 von 3,1160008,,9.09129,Unbekannt,Unbekannt,,,6.0,16.0,W,,,,,,,,Approved,file:///A:\___Projekte\10244887_2020 E_115 EP 3 SEN WP Himmelreich WES Ibs (Jan Heckens) ,54.00597,9.09129,201223
29,,,WP Himmelreich,SEN,Enercon,E-115 EP 3,10244887,SEN Himmelreich (201223),ANNJO,2020-05-26,Windpark Himmelreich GmbH & Co. KG,Jan Heckens,WEA 3 von 3,,,Unbekannt,Unbekannt,Unbekannt,,,6.0,16.0,"W, SW",,,,,,,,Approved,file:///A:\___Projekte\10244887_2020 E_115 EP 3 SEN WP Himmelreich WES Ibs (Jan Heckens) ,,,201223
30,,,WP Uetze,SEN,Siemens Gamesa,SWT 113,10250470,SEN SWT 113 WP Uetze (200775),JOPRZ,2020-07-01,REON Aktiengesellschaft,Florian Massante,WEA 1 von 3,3201101,,Unbekannt,Unbekannt,Unbekannt,,,5.0,15.0,"W, SW",,,,,,,,Approved,file:///A:\___Projekte\10250470_2020 SWT 113 SEN WP Uetze REON (Florian Massante) ,52.451269,10.156069,200775
31,,,WP Uetze,SEN,Siemens Gamesa,SWT 113,10250470,SEN SWT 113 WP Uetze (200775),JOPRZ,2020-07-01,REON Aktiengesellschaft,Florian Massante,WEA 2 von 3,3201100,,Unbekannt,Unbekannt,Unbekannt,,,5.0,15.0,"W, SW",,,,,,,,Approved,file:///A:\___Projekte\10250470_2020 SWT 113 SEN WP Uetze REON (Florian Massante) ,52.448022,10.159886,200775
32,,,WP Uetze,SEN,Siemens Gamesa,SWT 113,10250470,SEN SWT 113 WP Uetze (200775),JOPRZ,2020-07-01,REON Aktiengesellschaft,Florian Massante,WEA 3 von 3,3201102,,Unbekannt,Unbekannt,Unbekannt,,,5.0,15.0,"W, SW",,,,,,,,Approved,file:///A:\___Projekte\10250470_2020 SWT 113 SEN WP Uetze REON (Florian Massante) ,52.451425,10.163094,200775
33,,,Wilhelmshaven Westerhausen II,SEN,Vestas,V112,10253216,SEN V112 Wilhelmshaven V209248 (205848),JOPRZ,2019-11-04,Vestas Deutschland GmbH,Helge Schnehle,WEA 1 von 1,V209248,,Unbekannt,Unbekannt,Unbekannt,,,6.0,16.0,W,,,,,,,,Approved,file:///A:\___Projekte\10253216_2020 V112 SEN Wilhelmshaven Westerhausen II Vestas D (Helge Schnehle) ,53.60675833,8.041122222,205848
34,,,Friedewald,SET,Vestas,V117,10254971,SET 224648 Friedewald (206159),RICFRE,2020-09-09,Vestas Deutschland GmbH,Helge Schnehle,WEA 1 von 1,V224648,,Unbekannt,Unbekannt,Unbekannt,,,6.0,16.0,W,,,,,,,,Approved,file:///A:\___Projekte\10254971_2020 V117 SET Friedewald Vestas D (Helge Schnehle) ,,,206159
35,,,Bedesbach,SET,Vestas,V126,10263850,SET Bedesbach (207100),RICFRE,2020-10-13,Vestas Wind Systems A/S,NCN,WEA 1 von 1,V213228,,Unbekannt,Unbekannt,Unbekannt,,,7.0,17.0,W,,,,,,,,Approved,file:///A:\___Projekte\10263850_2020 V126 SET Bedesbach Vestas DK (NCN) ,,,207100
36,,,Bedesbach,SET,Vestas,V126,10263850,SET Bedesbach (207100),RICFRE,2020-10-13,Vestas Wind Systems A/S,NCN,WEA 1 von 1,229954,,Unbekannt,Unbekannt,Unbekannt,,,7.0,17.0,W,,,,,,,,Approved,file:///A:\___Projekte\10263850_2020 V126 SET Bedesbach Vestas DK (NCN) ,49.57765,7.475383,207100
37,,,WP Blye Dirkshof,SEN,Senvion,3.2M114,10264961,SEN WP Blye Dirkshof (207825),ULMR,2020-10-19,Infrastrukturgesellschaft Blye GmbH,Thorben Baudewig,WEA 1 von 3,300862,,Unbekannt,Unbekannt,Unbekannt,,,8.0,18.0,W,,,,,,,,Approved,file:///A:\___Projekte\10264961_2020 32M114 SEN WP Blye Dirkshof Infrastrukturges Blye GmbH (Thorben Baudewig) ,54.686337740972,9.1849021153168,207825
38,,,WP Blye Dirkshof,SEN,Senvion,3.2M114,10264961,SEN WP Blye Dirkshof (207825),ULMR,2020-10-19,Infrastrukturgesellschaft Blye GmbH,Thorben Baudewig,WEA 2 von 3,300863,,Unbekannt,Unbekannt,Unbekannt,,,8.0,18.0,W,,,,,,,,Approved,file:///A:\___Projekte\10264961_2020 32M114 SEN WP Blye Dirkshof Infrastrukturges Blye GmbH (Thorben Baudewig) ,54.689578162173,9.1815039470033,207825
39,,,WP Blye Dirkshof,SEN,Senvion,3.2M114,10264961,SEN WP Blye Dirkshof (207825),ULMR,2020-10-19,Infrastrukturgesellschaft Blye GmbH,Thorben Baudewig,WEA 3 von 3,300865,,Unbekannt,Unbekannt,Unbekannt,,,8.0,18.0,W,,,,,,,,Approved,file:///A:\___Projekte\10264961_2020 32M114 SEN WP Blye Dirkshof Infrastrukturges Blye GmbH (Thorben Baudewig) ,54.688681,9.174611,207825
40,,,WP Blye Dirkshof,SEN,Senvion,3.2M114,10264961,SEN WP Blye Dirkshof (207825),ULMR,2020-10-19,Infrastrukturgesellschaft Blye GmbH,Thorben Baudewig,WEA 3 von 4,300867,,Unbekannt,Unbekannt,Unbekannt,,,8.0,18.0,W,,,,,,,,Approved,file:///A:\___Projekte\10264961_2020 32M114 SEN WP Blye Dirkshof Infrastrukturges Blye GmbH (Thorben Baudewig) ,54.685206,9.173528,207825
41,,,WP Dauer III,SEN,GE,GE 3.6 137,10266326,SEN WP Dauer III (207627),ANNJO,2020-10-29,ENERTRAG SE,Jonas Armbröster,WEA 1 von 6,36195473,,Unbekannt,Unbekannt,Unbekannt,,,7.0,17.0,W,,,,,,,,Approved,file:///A:\___Projekte\10266326_2020 GE 36 137 SEN WP Dauer III ENERTRAG (Jonas Armbröster) ,53.387669,13.941399,207627
42,,,WP Dauer III,SEN,GE,GE 3.6 137,10266326,SEN WP Dauer III (207627),ANNJO,2020-10-29,ENERTRAG SE,Jonas Armbröster,WEA 2 von 6,36195474,,Unbekannt,Unbekannt,Unbekannt,,,7.0,17.0,W,,,,,,,,Approved,file:///A:\___Projekte\10266326_2020 GE 36 137 SEN WP Dauer III ENERTRAG (Jonas Armbröster) ,53.385801,13.937611,207627
43,,,WP Dauer III,SEN,GE,GE 3.6 137,10266326,SEN WP Dauer III (207627),ANNJO,2020-10-29,ENERTRAG SE,Jonas Armbröster,WEA 3 von 6,36195475,,Unbekannt,Unbekannt,Unbekannt,,,7.0,17.0,W,,,,,,,,Approved,file:///A:\___Projekte\10266326_2020 GE 36 137 SEN WP Dauer III ENERTRAG (Jonas Armbröster) ,53.385329,13.946148,207627
44,,,WP Dauer III,SEN,GE,GE 3.6 137,10266326,SEN WP Dauer III (207627),ANNJO,2020-10-29,ENERTRAG SE,Jonas Armbröster,WEA 4 von 6,36195476,,Unbekannt,Unbekannt,Unbekannt,,,7.0,17.0,W,,,,,,,,Approved,file:///A:\___Projekte\10266326_2020 GE 36 137 SEN WP Dauer III ENERTRAG (Jonas Armbröster) ,53.383721,13.933167,207627
45,,,WP Dauer III,SEN,GE,GE 3.6 137,10266326,SEN WP Dauer III (207627),ANNJO,2020-10-29,ENERTRAG SE,Jonas Armbröster,WEA 5 von 6,36195477,,Unbekannt,Unbekannt,Unbekannt,,,7.0,17.0,W,,,,,,,,Approved,file:///A:\___Projekte\10266326_2020 GE 36 137 SEN WP Dauer III ENERTRAG (Jonas Armbröster) ,53.381885,13.928838,207627
46,,,WP Dauer III,SEN,GE,GE 3.6 137,10266326,SEN WP Dauer III (207627),ANNJO,2020-10-29,ENERTRAG SE,Jonas Armbröster,WEA 6 von 6,36195478,,Unbekannt,Unbekannt,Unbekannt,,,7.0,17.0,W,,,,,,,,Approved,file:///A:\___Projekte\10266326_2020 GE 36 137 SEN WP Dauer III ENERTRAG (Jonas Armbröster) ,53.381806,13.938161,207627
47,,,WP Falkenhagen und Güstow,SEN,Enercon Nordex,E126 N149,10270195,SEN E126 Falkenhagen (209288),PHISCH,2020-12-07,Denker & Wulf AG,Jürgen Schwarz,WEA 2 von 8,E-126 EP3 ,,Unbekannt,Unbekannt,Unbekannt,,,5.0,15.0,W,,,,,,,,Approved,file:///A:\___Projekte\10270195_2020 E126 N149 SEN WP Falkenhagen und Güstow Denker und Wulf AG (Jürgen Schwarz) ,53.345717,13.754303,209288
48,,,WP Falkenhagen und Güstow,SEN,Enercon Nordex,E126 N149,10270195,SEN E126 Falkenhagen (209288),PHISCH,2020-12-07,Denker & Wulf AG,Jürgen Schwarz,WEA 3 von 8,E-126 EP3,,Unbekannt,Unbekannt,Unbekannt,,,5.0,15.0,W,,,,,,,,Approved,file:///A:\___Projekte\10270195_2020 E126 N149 SEN WP Falkenhagen und Güstow Denker und Wulf AG (Jürgen Schwarz) ,53.341119,13.757381,209288
49,,,WP Falkenhagen und Güstow,SEN,Enercon Nordex,E126 N149,10270195,SEN E126 Falkenhagen (209288),PHISCH,2020-12-07,Denker & Wulf AG,Jürgen Schwarz,WEA 4 von 8,,,Unbekannt,Unbekannt,Unbekannt,,,5.0,15.0,W,,,,,,,,Approved,file:///A:\___Projekte\10270195_2020 E126 N149 SEN WP Falkenhagen und Güstow Denker und Wulf AG (Jürgen Schwarz) ,,,209288
50,,,WP Falkenhagen und Güstow,SEN,Enercon Nordex,E126 N149,10270195,SEN E126 Falkenhagen (209288),PHISCH,2020-12-07,Denker & Wulf AG,Jürgen Schwarz,WEA 5 von 8,,,Unbekannt,Unbekannt,Unbekannt,,,5.0,15.0,W,,,,,,,,Approved,file:///A:\___Projekte\10270195_2020 E126 N149 SEN WP Falkenhagen und Güstow Denker und Wulf AG (Jürgen Schwarz) ,,,209288
51,,,WP Falkenhagen und Güstow,SEN,Enercon Nordex,E126 N149,10270195,SEN E126 Falkenhagen (209288),PHISCH,2020-12-07,Denker & Wulf AG,Jürgen Schwarz,WEA 6 von 8,,,Unbekannt,Unbekannt,Unbekannt,,,5.0,15.0,W,,,,,,,,Approved,file:///A:\___Projekte\10270195_2020 E126 N149 SEN WP Falkenhagen und Güstow Denker und Wulf AG (Jürgen Schwarz) ,,,209288
52,,,WP Falkenhagen und Güstow,SEN,Enercon Nordex,E126 N149,10270195,SEN E126 Falkenhagen (209288),PHISCH,2020-12-07,Denker & Wulf AG,Jürgen Schwarz,WEA 7 von 8,,,Unbekannt,Unbekannt,Unbekannt,,,5.0,15.0,W,,,,,,,,Approved,file:///A:\___Projekte\10270195_2020 E126 N149 SEN WP Falkenhagen und Güstow Denker und Wulf AG (Jürgen Schwarz) ,,,209288
53,,,WP Falkenhagen und Güstow,SEN,Enercon Nordex,E126 N149,10270195,SEN E126 Falkenhagen (209288),PHISCH,2020-12-07,Denker & Wulf AG,Jürgen Schwarz,WEA 8 von 8,,,Unbekannt,Unbekannt,Unbekannt,,,5.0,15.0,W,,,,,,,,Approved,file:///A:\___Projekte\10270195_2020 E126 N149 SEN WP Falkenhagen und Güstow Denker und Wulf AG (Jürgen Schwarz) ,,,209288
54,,,WP Elchweiler,SEN,Vestas,V112,10284587,SEN WP Elchweiler (212221),JOPRZ,2021-02-11,Eurowind Energy A/S,Imke Odrich,WEA 1 von 1,,,Unbekannt,Unbekannt,Unbekannt,,,6.0,16.0,W,,,,,,,,Approved,file:///A:\___Projekte\10284587_2021 V112 SEN WP Elchweiler Eurowind Energy (Imke Odrich) ,49.677888,7.180012,212221
55,,,WP KWK,SEN,Enercon,E70 E4,10284617,SEN E70 E4 783823 (212170),ANNJO,2021-02-11,ENERCON GmbH,Alexander Winter,WEA 1 von 1,783823,,Unbekannt,Unbekannt,Unbekannt,,,5.0,15.0,W,,,,,,,,Approved,file:///A:\___Projekte\10284617_2021 E70 E4 SEN WP KWK Enercon GmbH (Alexander Winter) ,53.95114,8.913023,212170
56,,,WP Mittelberg,SEN,Vestas,V112,10285125,SEN V112 WP Mittelberg (212561),PHISCH,2021-02-18,deag Energie GmbH & Co. 17 KG,Gisela Rauschen,WEA 1 von 1,V231218,,Unbekannt,Unbekannt,Unbekannt,,,6.0,16.0,W,,,,,,,,Approved,file:///A:\___Projekte\10285125_2021 V112 SEN WP Mittelberg deag Energie GmbH (Gisela Rauschen) ,51.56805,8.817701,212561
57,,,WP Norderland Ochtersum II,SEN,Enercon,E115,10286596,SEN E115 WP Norderland Ochtersum II (212800),PHISCH,2021-03-02,Windpark Norderland GmbH & Co. KG Ochtersum II,Christian Kubitschek,WEA 1 von 1,1150578,,Unbekannt,Unbekannt,Unbekannt,,,6.0,16.0,W,,,,,,,,Approved,file:///A:\___Projekte\10286596_2021 E115 SEN WP Norderland Ochtersum II Norderland GmbH (Christian Kubitschek) ,53.623737,,212800
58,,,WP Ochtersum III,SEN,Enercon,E115,10286597,SEN E115 WP Norderland Ochtersum III (212801),PHISCH,2021-03-02,Windpark Norderland GmbH & Co. KG Ochtersum III,Christian Kubitschek,WEA 1 von 1,1150580,,Unbekannt,Unbekannt,Unbekannt,,,6.0,16.0,W,,,,,,,,Approved,file:///A:\___Projekte\10286597_2021 E115 SEN WP Ochtersum III Norderland GbmH (Christian Kubitschek) ,53.618161,7.517534,212801
59,,,WP Ochtersum I,SEN,Enercon ,E115,10286599,SEN E115 WP Norderland Ochtersum I (212799),PHISCH,2021-03-02,Windpark Norderland GmbH & Co. KG Ochtersum I,Christian Kubitschek,WEA 1 von 1,1150587,,Unbekannt,Unbekannt,Unbekannt,,,6.0,16.0,W,,,,,,,,Approved,file:///A:\___Projekte\10286599_2021 E115 SEN WP Ochtersum I Norderland GmbH (Christian Kubitschek) ,53.619224,7.539623,212799
60,,,WP Blomberg Neuschloo I,SEN,Enercon,E115,10286603,SEN E 115 Norderland Neuschoo (212802),JOPRZ,2021-03-02,Windpark Norderland GmbH & Co. KG Blomberg/Neuschoo I,Christian Kubitschek,WEA 1 von 2,1150509,,Unbekannt,Unbekannt,Unbekannt,,,7.0,17.0,W,,,,,,,,Approved,file:///A:\___Projekte\10286603_2021 E115 SEN WP Blomberg Neuschloo I Norderland GmbH (Christian Kubitschek) ,53.553259,7.502683,212802
61,,,WP Blomberg Neuschloo I,SEN,Enercon,E115,10286603,SEN E 115 Norderland Neuschoo (212802),JOPRZ,2021-03-02,Windpark Norderland GmbH & Co. KG Blomberg/Neuschoo I,Christian Kubitschek,WEA 2 von 2,1150512,,Unbekannt,Unbekannt,Unbekannt,,,7.0,17.0,W,,,,,,,,Approved,file:///A:\___Projekte\10286603_2021 E115 SEN WP Blomberg Neuschloo I Norderland GmbH (Christian Kubitschek) ,53.551084,7.509142,212802
62,,,Hennstedt,SIM,,Kläranlage,10288059,SIM Kläranlage Hennstedt (213820),ULFKOC,2021-03-17,Wasserverband Norderdithmarschen,Michael Schoop,WEA 1 von 1,,,Unbekannt,Unbekannt,Unbekannt,,,7.0,17.0,W,,,,,,,,Approved,file:///A:\___Projekte\10288059_2021 Kläranlage SIM Hennstedt WWV Norderdithmarschen (Michael Schoop) ,,,213820
63,,,Mönchhof Linkamp AT,SEN SIM,GE,3.6,10289754,SEN GE Gols Mönchhof (210822),ARNJEN,2021-03-29,GE Renewable Austria GmbH,Philip Wichterich,WEA 1 von 8,55206472,,Unbekannt,Unbekannt,Unbekannt,,,6.0,16.0,W,,,,,,,,Approved,file:///A:\___Projekte\10289754_2021 36 SEN SIM Mönchhof Linkamp AT GE (Philip Wichterich) ,47.917124,16.944878,210822
64,,,Mönchhof Linkamp AT,SEN SIM,GE,3.6,10289754,SEN GE Gols Mönchhof (210822),ARNJEN,2021-03-29,GE Renewable Austria GmbH,Philip Wichterich,WEA 2 von 8,55206473,,Unbekannt,Unbekannt,Unbekannt,,,6.0,16.0,W,,,,,,,,Approved,file:///A:\___Projekte\10289754_2021 36 SEN SIM Mönchhof Linkamp AT GE (Philip Wichterich) ,47.91328,16.951838,210822
65,,,Mönchhof Linkamp AT,SEN SIM,GE,3.6,10289754,SEN GE Gols Mönchhof (210822),ARNJEN,2021-03-29,GE Renewable Austria GmbH,Philip Wichterich,WEA 3 von 8,55206453,,Unbekannt,Unbekannt,Unbekannt,,,6.0,16.0,W,,,,,,,,Approved,file:///A:\___Projekte\10289754_2021 36 SEN SIM Mönchhof Linkamp AT GE (Philip Wichterich) ,47.918421,16.935281,210822
66,,,Mönchhof Linkamp AT,SEN SIM,GE,3.6,10289754,SEN GE Gols Mönchhof (210822),ARNJEN,2021-03-29,GE Renewable Austria GmbH,Philip Wichterich,WEA 4 von 8,55206454,,Unbekannt,Unbekannt,Unbekannt,,,6.0,16.0,W,,,,,,,,Approved,file:///A:\___Projekte\10289754_2021 36 SEN SIM Mönchhof Linkamp AT GE (Philip Wichterich) ,47.914331,16.941007,210822
67,,,Mönchhof Linkamp AT,SEN SIM,GE,3.6,10289754,SEN GE Gols Mönchhof (210822),ARNJEN,2021-03-29,GE Renewable Austria GmbH,Philip Wichterich,WEA 5 von 8,55206455,,Unbekannt,Unbekannt,Unbekannt,,,6.0,16.0,W,,,,,,,,Approved,file:///A:\___Projekte\10289754_2021 36 SEN SIM Mönchhof Linkamp AT GE (Philip Wichterich) ,47.912342,16.946148,210822
68,,,Mönchhof Linkamp AT,SEN SIM,GE,3.6,10289754,SEN GE Gols Mönchhof (210822),ARNJEN,2021-03-29,GE Renewable Austria GmbH,Philip Wichterich,WEA 6 von 8,,,Unbekannt,Unbekannt,Unbekannt,,,6.0,16.0,W,,,,,,,,Approved,file:///A:\___Projekte\10289754_2021 36 SEN SIM Mönchhof Linkamp AT GE (Philip Wichterich) ,47.9084,16.95083,210822
69,,,Mönchhof Linkamp AT,SEN SIM,GE,3.6,10289754,SEN GE Gols Mönchhof (210822),ARNJEN,2021-03-29,GE Renewable Austria GmbH,Philip Wichterich,WEA 7 von 8,55206448,,Unbekannt,Unbekannt,Unbekannt,,,6.0,16.0,W,,,,,,,,Approved,file:///A:\___Projekte\10289754_2021 36 SEN SIM Mönchhof Linkamp AT GE (Philip Wichterich) ,47.905281,16.955734,210822
70,,,Mönchhof Linkamp AT,SEN SIM,GE,3.6,10289754,SEN GE Gols Mönchhof (210822),ARNJEN,2021-03-29,GE Renewable Austria GmbH,Philip Wichterich,WEA 8 von 8,,,Unbekannt,Unbekannt,Unbekannt,,,6.0,16.0,W,,,,,,,,Approved,file:///A:\___Projekte\10289754_2021 36 SEN SIM Mönchhof Linkamp AT GE (Philip Wichterich) ,,,210822
71,,,WP Bütteler Balje,SEN SON,Enercon,E82,10290963,SEN SON WTS Serration (213558),ULFKOC,2021-04-06,WTS Wind-Tuning-Systems GmbH,Klaus Röhm,WEA 1 von 1,E826119,,Unbekannt,Unbekannt,Unbekannt,,,6.0,16.0,W,,,,,,,,Approved,file:///A:\___Projekte\10290963_2021 E82 SEN SON WP Bütteler Balje WTS (Klaus Röhm) ,54.150199,8.954711,213558
72,,,Olderup,SEN,Vestas,V117,10303356,SEN V117 Olderup II (217426),RICFRE,2021-07-08,Windpark II Olderup GmbH & Co. KG,Karina Ingwersen,WEA 1 von 1,,,Unbekannt,Unbekannt,Unbekannt,,,5.0,15.0,W,,,,,,,,Approved,file:///A:\___Projekte\10303356_2021 V117 SEN Olderup Windpark II Olderup GmbH und Co KG (Karina Ingwersen) ,54.527175,9.093228,217426
73,,,WP Falkenwalde,SEN,GE,4.5,10304357,SEN Falkenwalde (217937),ANNJO,2021-07-06,ENERTRAG AG,Jonas Armbröster,WEA 1 von 2,55209915,,Unbekannt,Unbekannt,Unbekannt,,,5.0,15.0,W,,,,,,,,Approved,file:///A:\___Projekte\10304357_2021 45 SEN WP Falkenwalde Enertrag (Jonas Armbröster) ,53.2831,14.036204,217937
74,,,WP Falkenwalde,SEN,GE,4.5,10304357,SEN Falkenwalde (217937),ANNJO,2021-07-06,ENERTRAG AG,Jonas Armbröster,WEA 2 von 2,55209915,,Unbekannt,Unbekannt,Unbekannt,,,5.0,15.0,W,,,,,,,,Approved,file:///A:\___Projekte\10304357_2021 45 SEN WP Falkenwalde Enertrag (Jonas Armbröster) ,53.283747,14.030669,217937
75,,,WP Biegen,SEN,Vestas,V136,10304360,SEN V136 Biegen WPD (217564),JOPRZ,2021-07-16,wpd windmanager GmbH & Co. KG,Margot Petersen-Jaenicke,WEA 1 von 5,236762,,Unbekannt,Unbekannt,Unbekannt,,,7.0,17.0,W,,,,,,,,Approved,file:///A:\___Projekte\10304360_2021 V136 SEN WP Biegen WPD (Margot Petersen_Jaenicke) ,52.306794,14.382808,217564
76,,,WP Biegen,SEN,Vestas,V136,10304360,SEN V136 Biegen WPD (217564),JOPRZ,2021-07-16,wpd windmanager GmbH & Co. KG,Margot Petersen-Jaenicke,WEA 2 von 5,236760,,Unbekannt,Unbekannt,Unbekannt,,,7.0,17.0,W,,,,,,,,Approved,file:///A:\___Projekte\10304360_2021 V136 SEN WP Biegen WPD (Margot Petersen_Jaenicke) ,52.30393,14.386941,217564
77,,,WP Biegen,SEN,Vestas,V136,10304360,SEN V136 Biegen WPD (217564),JOPRZ,2021-07-16,wpd windmanager GmbH & Co. KG,Margot Petersen-Jaenicke,WEA 3 von 5,220015,,Unbekannt,Unbekannt,Unbekannt,,,7.0,17.0,W,,,,,,,,Approved,file:///A:\___Projekte\10304360_2021 V136 SEN WP Biegen WPD (Margot Petersen_Jaenicke) ,53.437057,13.792701,217564
78,,,WP Biegen,SEN,Vestas,V136,10304360,SEN V136 Biegen WPD (217564),JOPRZ,2021-07-16,wpd windmanager GmbH & Co. KG,Margot Petersen-Jaenicke,WEA 4 von 5,229457,,Unbekannt,Unbekannt,Unbekannt,,,7.0,17.0,W,,,,,,,,Approved,file:///A:\___Projekte\10304360_2021 V136 SEN WP Biegen WPD (Margot Petersen_Jaenicke) ,53.4373,13.7975,217564
79,,,WP Biegen,SEN,Vestas,V136,10304360,SEN V136 Biegen WPD (217564),JOPRZ,2021-07-16,wpd windmanager GmbH & Co. KG,Margot Petersen-Jaenicke,WEA 5 von 5,227618,,Unbekannt,Unbekannt,Unbekannt,,,7.0,17.0,W,,,,,,,,Approved,file:///A:\___Projekte\10304360_2021 V136 SEN WP Biegen WPD (Margot Petersen_Jaenicke) ,53.440436111,12.161619444,217564
80,,,Reußenköge,SET,Vestas,V112,10307415,SET V210165 Reußenk (220242),ULMR,2021-08-24,Vestas Deutschland GmbH,Helge Schnehle,WEA 1 von 1,V210165,,Unbekannt,Unbekannt,Unbekannt,,,6.0,16.0,W,,,,,,,,Approved,file:///A:\___Projekte\10307415_2021 V112 SET Reußenköge Vestas (Helge Schnehle) ,54.619877,8.89624,220242
81,,,KWK,SEN,Enercon,E115,10307971,SEN E115 KW-Koog (210762),ULFKOC,2021-08-27,et marschland GmbH & CO. KG,Jan Heckens,WEA 1 von 1,,,Unbekannt,Unbekannt,Unbekannt,,,6.0,16.0,W,,,,,,,,Approved,file:///A:\___Projekte\10307971_2021 E115 SEN KWK WES Ibs (Jan Heckens) ,,,210762
82,,,Miltzow,SEN,Vestas,V90,10308233,SEN Miltzow 205788 (220469),JOPRZ,2021-08-23,Vestas Deutschland GmbH,Helge Schnehle,WEA 1 von 1,V205788,,Unbekannt,Unbekannt,Unbekannt,,,6.0,16.0,W,,,,,,,,Approved,file:///A:\___Projekte\10308233_2021 V90 SEN Miltzow Vestas D (Helge Schnehle) ,54.195926,13.164507,220469
83,,,WP Neuenkirchen,SEN,Enercon,E115,10308234,SEN WP Neuenkirchen (201557),ULMR,2021-09-01,WES IBS Betriebsführungs- und Verwaltungs GmbH,Jan Heckens,WEA 1 von 1,,,Unbekannt,Unbekannt,Unbekannt,,,6.0,16.0,W,,,,,,,,Approved,file:///A:\___Projekte\10308234_2021 E115 SEN WP Neuenkirchen WES Ibs (Jan Heckens) ,54.252919,8.956609,201557
84,,,Dagebüll,SEN,Vestas,V112,10309140,SEN V235642 Dagebüll (220914),RICFRE,2021-09-09,Vestas Deutschland GmbH,Helge Schnehle,WEA 1 von 1,V235642,,Unbekannt,Unbekannt,Unbekannt,,,6.0,16.0,W,,,,,,,,Approved,file:///A:\___Projekte\10309140_2021 V112 SEN Dagebüll Vestas D (Helge Schnehle) ,54.72787,8.751881,220914
85,,,WP Brest,SEN LZM,Vestas,EVENTUS 150,10312637,SEN WP Brest (221498),ULFKOC,2021-10-01,Vestas Deutschland GmbH,Helge Schnehle,WEA 1 von 1,,,Unbekannt,Unbekannt,Unbekannt,,,6.0,16.0,W,,,,,,,,Approved,file:///A:\___Projekte\10312637_2021 EVENTUS 150 SEN LZM WP Brest Vestas D (Helge Schnehle) ,53.437969,9.391169,221498
86,,,Altlandsberg,SEN,Vestas,V90,10320528,SEN V90 Altlandsberg (220589),RICFRE,2021-10-18,Green Wind Energy GmbH,Toghrul Maharramov,WEA 1 von 1,,,Unbekannt,Unbekannt,Unbekannt,,,6.0,16.0,W,,,,,,,,Final Billing,file:///A:\___Projekte\10320528_2021 V90 SEN Altlandsberg Green Wind Energy  (Toghrul Maharramov) ,52.60096,13.785284,220589
87,,,Güterschuppen Marne,SIP SIM,,,10324353,SIP SIM Marne (221110),ULFKOC,2021-11-03,Luka Ritters,Luka Ritters ,WEA 1 von 1,,,Unbekannt,Unbekannt,Unbekannt,,,6.0,16.0,W,,,,,,,,Approved,file:///A:\___Projekte\10324353_2021  SIP SIM Güterschuppen Marne Luka Ritters () ,,,221110
88,,,WP Achim Bollen,SEN,Vestas,V150,10324767,SEN 3x V150 WP Achim (222575),JOPRZ,2021-11-19,wpd windmanager technik GmbH,Margot Petersen-Jaenicke,WEA 1 von 3,237457,,Unbekannt,Unbekannt,Unbekannt,,,6.0,16.0,W,,,,,,,,Approved,file:///A:\___Projekte\10324767_2021 V150 SEN WP Achim Bollen wpd (Margot Petersen_Jaenicke) ,53.0238,8.94868,222575
89,,,WP Achim Bollen,SEN,Vestas,V150,10324767,SEN 3x V150 WP Achim (222575),JOPRZ,2021-11-19,wpd windmanager technik GmbH,Margot Petersen-Jaenicke,WEA 2 von 3,237458,,Unbekannt,Unbekannt,Unbekannt,,,6.0,16.0,W,,,,,,,,Approved,file:///A:\___Projekte\10324767_2021 V150 SEN WP Achim Bollen wpd (Margot Petersen_Jaenicke) ,53.0216,8.94175,222575
90,,,WP Achim Bollen,SEN,Vestas,V150,10324767,SEN 3x V150 WP Achim (222575),JOPRZ,2021-11-19,wpd windmanager technik GmbH,Margot Petersen-Jaenicke,WEA 3 von 3,237459,,Unbekannt,Unbekannt,Unbekannt,,,6.0,16.0,W,,,,,,,,Approved,file:///A:\___Projekte\10324767_2021 V150 SEN WP Achim Bollen wpd (Margot Petersen_Jaenicke) ,53.0184,8.94721,222575
91,,,WP Holstentor,SEN,Nordex,N149,10326380,SEN WP Holstentor (221970),ULFKOC,2021-12-02,Pavana GmbH,Lars Levermann,WEA 1 von 3,89347,,Unbekannt,Unbekannt,Unbekannt,,,5.0,15.0,W,,,,,,,,Approved,file:///A:\___Projekte\10326380_2021 N149 SEN WP Holstentor Pavana GmbH (Lars Levermann) ,54.149017,9.442548,221970
92,,,WP Holstentor,SEN,Nordex,N149,10326380,SEN WP Holstentor (221970),ULFKOC,2021-12-02,Pavana GmbH,Lars Levermann,WEA 2 von 3,89346,,Unbekannt,Unbekannt,Unbekannt,,,5.0,15.0,W,,,,,,,,Approved,file:///A:\___Projekte\10326380_2021 N149 SEN WP Holstentor Pavana GmbH (Lars Levermann) ,54.146072,9.439194,221970
93,,,WP Holstentor,SEN,Nordex,N149,10326380,SEN WP Holstentor (221970),ULFKOC,2021-12-02,Pavana GmbH,Lars Levermann,WEA 3 von 3,89345,,Unbekannt,Unbekannt,Unbekannt,,,5.0,15.0,W,,,,,,,,Approved,file:///A:\___Projekte\10326380_2021 N149 SEN WP Holstentor Pavana GmbH (Lars Levermann) ,54.143737,9.433597,221970
94,,,WP Veer Dörper,SEN,Enercon,E70,10327765,SEN Veer Dörper E70 (223725),ULMR,2021-12-13,Bürgerwindpark Veer Dörper GmbH & Co. KG,Mike Wolf,WEA 1 von 2,784328,,Unbekannt,Unbekannt,Unbekannt,,,5.0,15.0,W,,,,,,,,Approved,file:///A:\___Projekte\10327765_2021 E70 SEN WP Veer Dörper WEB Andresen (Mike Wolf) ,54.655621,9.166116,223725
95,,,WP Veer Dörper,SEN,Enercon,E70,10327765,SEN Veer Dörper E70 (223725),ULMR,2021-12-13,Bürgerwindpark Veer Dörper GmbH & Co. KG,Mike Wolf,WEA 2 von 2,784329,,Unbekannt,Unbekannt,Unbekannt,,,5.0,15.0,W,,,,,,,,Approved,file:///A:\___Projekte\10327765_2021 E70 SEN WP Veer Dörper WEB Andresen (Mike Wolf) ,54.655103,9.169989,223725
96,,,WP Biegen,SEN,Enercon,E138,10327784,SEN WP Biegen (222843),JOPRZ,2021-12-08,Windmüllerei Biegen Infrastruktur GmbH & Co. KG,Falk Leibner,WEA 1 von 3,,,Unbekannt,Unbekannt,Unbekannt,,,5.0,15.0,E,,,,,,,,Approved,file:///A:\___Projekte\10327784_2021 E138 SEN WP Biegen Windmüllerei  (Falk Leibner) ,52.298333,14.377883,222843
97,,,WP Biegen,SEN,Enercon,E138,10327784,SEN WP Biegen (222843),JOPRZ,2021-12-08,Windmüllerei Biegen Infrastruktur GmbH & Co. KG,Falk Leibner,WEA 2 von 3,,,Unbekannt,Unbekannt,Unbekannt,,,5.0,15.0,E,,,,,,,,Approved,file:///A:\___Projekte\10327784_2021 E138 SEN WP Biegen Windmüllerei  (Falk Leibner) ,52.295628,14.380911,222843
98,,,WP Biegen,SEN,Enercon,E138,10327784,SEN WP Biegen (222843),JOPRZ,2021-12-08,Windmüllerei Biegen Infrastruktur GmbH & Co. KG,Falk Leibner,WEA 3 von 3,,,Unbekannt,Unbekannt,Unbekannt,,,5.0,15.0,E,,,,,,,,Approved,file:///A:\___Projekte\10327784_2021 E138 SEN WP Biegen Windmüllerei  (Falk Leibner) ,52.295297,14.386622,222843
99,,,WP Biegen,SEN,Enercon,E138,10327784,SEN WP Biegen (222843),JOPRZ,2021-12-08,Windmüllerei Biegen Infrastruktur GmbH & Co. KG,Falk Leibner,,,,,,,,,5.0,15.0,E,,,,,,,,Approved,,52.301549,14.378556,222843
100,,,WP Biegen,SEN,Enercon,E138,10327784,SEN WP Biegen (222843),JOPRZ,2021-12-08,Windmüllerei Biegen Infrastruktur GmbH & Co. KG,Falk Leibner,,,,,,,,,5.0,15.0,E,,,,,,,,Approved,,52.300178,14.384588,222843
101,,,WP Biegen,SEN,Enercon,E138,10327784,SEN WP Biegen (222843),JOPRZ,2021-12-08,Windmüllerei Biegen Infrastruktur GmbH & Co. KG,Falk Leibner,,,,,,,,,5.0,15.0,E,,,,,,,,Approved,,52.298558,14.389494,222843
102,,,WP Biegen,SEN,Enercon,E138,10327784,SEN WP Biegen (222843),JOPRZ,2021-12-08,Windmüllerei Biegen Infrastruktur GmbH & Co. KG,Falk Leibner,,,,,,,,,5.0,15.0,E,,,,,,,,Approved,,52.292333,14.39075,222843
103,,,WP Biegen,SEN,Enercon,E138,10327784,SEN WP Biegen (222843),JOPRZ,2021-12-08,Windmüllerei Biegen Infrastruktur GmbH & Co. KG,Falk Leibner,,,,,,,,,5.0,15.0,E,,,,,,,,Approved,,,,222843
104,,,WP Adensen,SEN,Vestas,V126,10327884,SEN WP Adensen (222220),JOPRZ,2021-12-13,Pavana GmbH,Tobias Leopold,WEA 1 von 2,,,Unbekannt,Unbekannt,Unbekannt,,,5.0,15.0,E,,,,,,,,,file:///A:\___Projekte\10327884_2021 V126 SEN WP Adensen Pavana GmbH (Tobias Leopold) ,52.189182,9.728464,222220
105,,,WP Adensen,SEN,Vestas,V126,10327884,SEN WP Adensen (222220),JOPRZ,2021-12-13,Pavana GmbH,Tobias Leopold,WEA 2 von 2,,,Unbekannt,Unbekannt,Unbekannt,,,5.0,15.0,E,,,,,,,,,file:///A:\___Projekte\10327884_2021 V126 SEN WP Adensen Pavana GmbH (Tobias Leopold) ,52.186123,9.741725,222220
106,,,WP Bollingstedt,SEN,Vestas,V150,10328127,SEN WP Bollingstedt (224865),RICFRE,2021-12-14,Vestas Wind Systems A/S,NCN,WEA 1 von 3,V237986,,Unbekannt,Unbekannt,Unbekannt,,,5.0,15.0,E,,,,,,,,Approved,file:///A:\___Projekte\10328127_2021 V150 SEN WP Bollingstedt Vestas DK (NCN) ,54.61938,9.41527,224865
107,,,WP Bollingstedt,SEN,Vestas,V150,10328127,SEN WP Bollingstedt (224865),RICFRE,2021-12-14,Vestas Wind Systems A/S,NCN,WEA 2 von 3,V237987,,Unbekannt,Unbekannt,Unbekannt,,,5.0,15.0,E,,,,,,,,Approved,file:///A:\___Projekte\10328127_2021 V150 SEN WP Bollingstedt Vestas DK (NCN) ,54.612765,9.419857,224865
108,,,WP Bollingstedt,SEN,Vestas,V150,10328127,SEN WP Bollingstedt (224865),RICFRE,2021-12-14,Vestas Wind Systems A/S,NCN,WEA 3 von 3,V237988,,Unbekannt,Unbekannt,Unbekannt,,,5.0,15.0,E,,,,,,,,Approved,file:///A:\___Projekte\10328127_2021 V150 SEN WP Bollingstedt Vestas DK (NCN) ,54.613067,9.426803,224865
109,,,WP Hermannsort,SEN,Enercon,E138,10328264,SEN E138 Hermannsort (224392),RICFRE,2021-12-16,Hermannsort Wind UG (haftungsbeschränkt) & Co. KG,Jann Carstens,WEA 1 von 4,1380723,,Unbekannt,Unbekannt,Unbekannt,,,5.0,15.0,E,,,,,,,,Approved,file:///A:\___Projekte\10328264_2021 E138 SEN WP Hermannsort nttb (Jann Carstens) ,54.53684,9.44137,224392
110,,,WP Hermannsort,SEN,Enercon,E138,10328264,SEN E138 Hermannsort (224392),RICFRE,2021-12-16,Hermannsort Wind UG (haftungsbeschränkt) & Co. KG,Jann Carstens,WEA 2 von 4,1380725,,Unbekannt,Unbekannt,Unbekannt,,,5.0,15.0,E,,,,,,,,Approved,file:///A:\___Projekte\10328264_2021 E138 SEN WP Hermannsort nttb (Jann Carstens) ,54.535124,9.446034,224392
111,,,WP Hermannsort,SEN,Enercon,E138,10328264,SEN E138 Hermannsort (224392),RICFRE,2021-12-16,Hermannsort Wind UG (haftungsbeschränkt) & Co. KG,Jann Carstens,WEA 3 von 4,1380724,,Unbekannt,Unbekannt,Unbekannt,,,5.0,15.0,E,,,,,,,,Approved,file:///A:\___Projekte\10328264_2021 E138 SEN WP Hermannsort nttb (Jann Carstens) ,54.533097,9.44986,224392
112,,,WP Hermannsort,SEN,Enercon,E138,10328264,SEN E138 Hermannsort (224392),RICFRE,2021-12-16,Hermannsort Wind UG (haftungsbeschränkt) & Co. KG,Jann Carstens,WEA 4 von 4,1380722,,Unbekannt,Unbekannt,Unbekannt,,,5.0,15.0,E,,,,,,,,Approved,file:///A:\___Projekte\10328264_2021 E138 SEN WP Hermannsort nttb (Jann Carstens) ,54.532792,9.442393,224392
113,,,Obere Arlau II,SEN,Vestas,V150,10330675,SEN Obere Arlau II (224904),ULMR,2022-01-04,Bürgerwindpark Obere Arlau II Planungs-GmbH & Co. KG,Florian Steinmetz,WEA 1 von 1,,,Unbekannt,Unbekannt,Unbekannt,,,5.0,15.0,E,,,,,,,,Approved,file:///A:\___Projekte\10330675_2022 V150 SEN Obere Arlau II Cimbergy (Florian Steinmetz) ,,,224904
114,,,Chile,SET,Nordex,N149,10331043,SEN N149 Chile (224784),ULMR,2022-01-04,ENERGIA EOLICA LOS OLMOS SPA,Renato Loureiro Goncalves,WEA 1 von 1,,,Unbekannt,Unbekannt,Unbekannt,,,5.0,15.0,E,,,,,,,,Approved,file:///A:\___Projekte\10331043_2022 N149 SET Chile Energia Eolica los Olmos SPA (Renato Loureiro Goncalves) ,,,224784
115,,,Wehrhain,SEN,Vestas,V90,10332386,SEN 2xV90 Wehrhain (221997),RICFRE,2022-01-06,Pavana GmbH,Lars Levermann,WEA 1 von 2,,,Unbekannt,Unbekannt,Unbekannt,,,5.0,15.0,E,,,,,,,,Approved,file:///A:\___Projekte\10332386_2022 V90 SEN Wehrhain Pavana GmbH (Lars Levermann) ,,,221997
116,,,Wehrhain,SEN,Vestas,V90,10332386,SEN 2xV90 Wehrhain (221997),RICFRE,2022-01-06,Pavana GmbH,Lars Levermann,WEA 2 von 2,,,Unbekannt,Unbekannt,Unbekannt,,,5.0,15.0,E,,,,,,,,Approved,file:///A:\___Projekte\10332386_2022 V90 SEN Wehrhain Pavana GmbH (Lars Levermann) ,,,221997
117,,,Himmelreich,SEN,Enercon,E115,10336480,SEN E115 Himmelreich (227139),ANNJO,2022-01-25,ENERCON GmbH,Tanja Stüttchen,WEA 1 von 1,1160007,,Unbekannt,Unbekannt,Unbekannt,,,5.0,15.0,E,,,,,,,,Approved,file:///A:\___Projekte\10336480_2022 E115 SEN Himmelreich Enercon GmbH (Tanja Stüttchen) ,,,227139
118,,,WP Gescher,LZM,Vestas,V150,10338066,LZM SEN V150 Gescher (224858),ULFKOC,2022-01-25,Vestas Deutschland GmbH,Helge Schnehle,WEA 1 von 4,,,Unbekannt,Unbekannt,Unbekannt,,,5.0,15.0,E,,,,,,,,Approved,file:///A:\___Projekte\10338066_2022 V150 LZM WP Gescher Vestas D (Helge Schnehle) ,,,224858
119,,,WP Gescher,LZM,Vestas,V150,10338066,LZM SEN V150 Gescher (224858),ULFKOC,2022-01-25,Vestas Deutschland GmbH,Helge Schnehle,WEA 2 von 4,,,Unbekannt,Unbekannt,Unbekannt,,,5.0,15.0,E,,,,,,,,Approved,file:///A:\___Projekte\10338066_2022 V150 LZM WP Gescher Vestas D (Helge Schnehle) ,,,224858
120,,,WP Gescher,LZM,Vestas,V150,10338066,LZM SEN V150 Gescher (224858),ULFKOC,2022-01-25,Vestas Deutschland GmbH,Helge Schnehle,WEA 3 von 4,,,Unbekannt,Unbekannt,Unbekannt,,,5.0,15.0,E,,,,,,,,Approved,file:///A:\___Projekte\10338066_2022 V150 LZM WP Gescher Vestas D (Helge Schnehle) ,,,224858
121,,,WP Gescher,LZM,Vestas,V150,10338066,LZM SEN V150 Gescher (224858),ULFKOC,2022-01-25,Vestas Deutschland GmbH,Helge Schnehle,WEA 4 von 4,,,Unbekannt,Unbekannt,Unbekannt,,,5.0,15.0,E,,,,,,,,Approved,file:///A:\___Projekte\10338066_2022 V150 LZM WP Gescher Vestas D (Helge Schnehle) ,,,224858
122,,,Kattrepel II,SEN,,,10338496,SEN Kattrepel II (221253),RICFRE,2022-02-03,Denker & Wulf AG,Steffen Lehnert,WEA 1 von 4,,,Unbekannt,Unbekannt,Unbekannt,,,5.0,15.0,E,,,,,,,,Approved,file:///A:\___Projekte\10338496_2022  SEN Kattrepel II DenkerundWulf (Steffen Lehnert) ,,,221253
123,,,Kattrepel II,SEN,,,10338496,SEN Kattrepel II (221253),RICFRE,2022-02-03,Denker & Wulf AG,Steffen Lehnert,WEA 2 von 4,,,Unbekannt,Unbekannt,Unbekannt,,,5.0,15.0,E,,,,,,,,Approved,file:///A:\___Projekte\10338496_2022  SEN Kattrepel II DenkerundWulf (Steffen Lehnert) ,,,221253
124,,,Kattrepel II,SEN,,,10338496,SEN Kattrepel II (221253),RICFRE,2022-02-03,Denker & Wulf AG,Steffen Lehnert,WEA 3 von 4,,,Unbekannt,Unbekannt,Unbekannt,,,5.0,15.0,E,,,,,,,,Approved,file:///A:\___Projekte\10338496_2022  SEN Kattrepel II DenkerundWulf (Steffen Lehnert) ,,,221253
125,,,Kattrepel II,SEN,,,10338496,SEN Kattrepel II (221253),RICFRE,2022-02-03,Denker & Wulf AG,Steffen Lehnert,WEA 4 von 4,,,Unbekannt,Unbekannt,Unbekannt,,,5.0,15.0,E,,,,,,,,Approved,file:///A:\___Projekte\10338496_2022  SEN Kattrepel II DenkerundWulf (Steffen Lehnert) ,,,221253
126,,,Schneebergerhof,SEN,Vestas,V126,10339561,SEN AP Schneeberger Hof (228353),JOPRZ,2022-02-15,Vestas Deutschland GmbH,Jannika Binder,WEA 1 von 1,V227281,,Unbekannt,Unbekannt,Unbekannt,,,5.0,15.0,E,,,,,,,,Approved,file:///A:\___Projekte\10339561_2022 V126 SEN Schneebergerhof Vestas D (Jannika Binder) ,,,228353
127,,,Dagebüll,SEN,Vestas,V136,10340001,SEM V136 Dagebüll (228467),ULMR,2022-02-17,Greendyke Energy Dagebüll GmbH & Co. KG,Stefan Petschull,WEA 1 von 2,,,Unbekannt,Unbekannt,Unbekannt,,,5.0,15.0,E,,,,,,,,Approved,file:///A:\___Projekte\10340001_2022 V136 SEN Dagebüll GeBePro (Stefan Petschull) ,,,228467
128,,,Dagebüll,SEN,Vestas,V136,10340001,SEM V136 Dagebüll (228467),ULMR,2022-02-17,Greendyke Energy Dagebüll GmbH & Co. KG,Stefan Petschull,WEA 2 von 2,,,Unbekannt,Unbekannt,Unbekannt,,,5.0,15.0,E,,,,,,,,Approved,file:///A:\___Projekte\10340001_2022 V136 SEN Dagebüll GeBePro (Stefan Petschull) ,,,228467
129,,,Altengamme,SEN,Senvion,MM100,10340574,SEN MM100 Altengamme (228753),FELPLA,2022-02-01,NET Ochsenwerder GmbH,Jens Heidorn,WEA 1 von 2,100340,WEA1,Nein,Nein,Ja,,,5.0,15.0,E,,,,,,,,Approved,file:///A:\___Projekte\10340574_2022 MM100 SEN Altengamme NET Wind (Jens Heidorn) ,,,228753
130,,,Altengamme,SEN,Senvion,MM100,10340574,SEN MM100 Altengamme (228753),FELPLA,2022-02-01,NET Ochsenwerder GmbH,Jens Heidorn,WEA 2 von 2,100342,WEA3,Nein,Nein,Ja,,,5.0,15.0,E,,,,,,,,Approved,file:///A:\___Projekte\10340574_2022 MM100 SEN Altengamme NET Wind (Jens Heidorn) ,,,228753
131,,,WP Kuhla,SEN,Vestas,V136,10341069,SEN WP Kuhla (224787),PHISCH,2022-02-25,wpd windmanager technik GmbH,Margot Petersen-Jaenicke,WEA 1 von 4,,,Unbekannt,Unbekannt,Unbekannt,,,5.0,15.0,E,,,,,,,,Approved,file:///A:\___Projekte\10341069_2022 V136 SEN WP Kuhla wpd (Margot Petersen_Jaenicke) ,,,224787
132,,,WP Kuhla,SEN,Vestas,V136,10341069,SEN WP Kuhla (224787),PHISCH,2022-02-25,wpd windmanager technik GmbH,Margot Petersen-Jaenicke,WEA 2 von 4,,,Unbekannt,Unbekannt,Unbekannt,,,5.0,15.0,E,,,,,,,,Approved,file:///A:\___Projekte\10341069_2022 V136 SEN WP Kuhla wpd (Margot Petersen_Jaenicke) ,,,224787
133,,,WP Kuhla,SEN,Vestas,V136,10341069,SEN WP Kuhla (224787),PHISCH,2022-02-25,wpd windmanager technik GmbH,Margot Petersen-Jaenicke,WEA 3 von 4,,,Unbekannt,Unbekannt,Unbekannt,,,5.0,15.0,E,,,,,,,,Approved,file:///A:\___Projekte\10341069_2022 V136 SEN WP Kuhla wpd (Margot Petersen_Jaenicke) ,,,224787
134,,,WP Kuhla,SEN,Vestas,V136,10341069,SEN WP Kuhla (224787),PHISCH,2022-02-25,wpd windmanager technik GmbH,Margot Petersen-Jaenicke,WEA 4 von 4,,,Unbekannt,Unbekannt,Unbekannt,,,5.0,15.0,E,,,,,,,,Approved,file:///A:\___Projekte\10341069_2022 V136 SEN WP Kuhla wpd (Margot Petersen_Jaenicke) ,,,224787
135,,,Auras Süd,SET,Vestas,V150,10341214,SET Auras SüD Vestas (228960),ANNJO,2022-02-28,Vestas Wind Systems A/S,NCN,WEA 1 von 3,,,Unbekannt,Unbekannt,Unbekannt,,,5.0,15.0,E,,,,,,,,Approved,file:///A:\___Projekte\10341214_2022 V150 SET Auras Süd Vestas DK (NCN) ,,,228960
136,,,Auras Süd,SET,Vestas,V150,10341214,SET Auras SüD Vestas (228960),ANNJO,2022-02-28,Vestas Wind Systems A/S,NCN,WEA 2 von 3,,,Unbekannt,Unbekannt,Unbekannt,,,5.0,15.0,E,,,,,,,,Approved,file:///A:\___Projekte\10341214_2022 V150 SET Auras Süd Vestas DK (NCN) ,,,228960
137,,,Auras Süd,SET,Vestas,V150,10341214,SET Auras SüD Vestas (228960),ANNJO,2022-02-28,Vestas Wind Systems A/S,NCN,WEA 3 von 3,,,Unbekannt,Unbekannt,Unbekannt,,,5.0,15.0,E,,,,,,,,Approved,file:///A:\___Projekte\10341214_2022 V150 SET Auras Süd Vestas DK (NCN) ,,,228960
138,,,WP Wulkow,SEN,Vestas,V150,10341314,SEN WP Wulkow (228601),JOPRZ,2022-03-02,UGE Treplin GmbH & Co. KG Umweltgerechte Energie,Paul Radons,WEA 1 von 1,,,Unbekannt,Unbekannt,Unbekannt,,,5.0,15.0,E,,,,,,,,Approved,file:///A:\___Projekte\10341314_2022 V150 SEN WP Wulkow UKA (Paul Radons) ,,,228601
139,,,Barnstorf,SEN,Vestas,V112,10341535,SEN V112 V207383 Barnstorf (229070),JOPRZ,2022-03-02,Vestas Deutschland GmbH,Helge Schnehle,WEA 1 von 1,V207383,,Unbekannt,Unbekannt,Unbekannt,,,5.0,15.0,E,,,,,,,,Approved,file:///A:\___Projekte\10341535_2022 V112 SEN Barnstorf Vestas D (Helge Schnehle) ,,,229070
140,,,DE,SEN,GE,,10341537,SEN GE in DE (224062),ANNJO,2022-03-02,GE Wind Energy GmbH,Christian Keil,WEA 1 von 4,,,Unbekannt,Unbekannt,Unbekannt,,,5.0,15.0,E,,,,,,,,Approved,file:///A:\___Projekte\10341537_2022  SEN DE GE Wind Energy GmbH (Christian Keil) ,,,224062
141,,,DE,SEN,GE,,10341537,SEN GE in DE (224062),ANNJO,2022-03-02,GE Wind Energy GmbH,Christian Keil,WEA 2 von 4,,,Unbekannt,Unbekannt,Unbekannt,,,5.0,15.0,E,,,,,,,,Approved,file:///A:\___Projekte\10341537_2022  SEN DE GE Wind Energy GmbH (Christian Keil) ,,,224062
142,,,DE,SEN,GE,,10341537,SEN GE in DE (224062),ANNJO,2022-03-02,GE Wind Energy GmbH,Christian Keil,WEA 3 von 4,,,Unbekannt,Unbekannt,Unbekannt,,,5.0,15.0,E,,,,,,,,Approved,file:///A:\___Projekte\10341537_2022  SEN DE GE Wind Energy GmbH (Christian Keil) ,,,224062
143,,,DE,SEN,GE,,10341537,SEN GE in DE (224062),ANNJO,2022-03-02,GE Wind Energy GmbH,Christian Keil,WEA 4 von 4,,,Unbekannt,Unbekannt,Unbekannt,,,5.0,15.0,E,,,,,,,,Approved,file:///A:\___Projekte\10341537_2022  SEN DE GE Wind Energy GmbH (Christian Keil) ,,,224062
144,,,WP Janneby,SET,Enercon,E115,10343432,SET E-115 Janneby (229422),RICFRE,2022-03-16,ENERCON GmbH,Tanja Stüttechen,WEA 1 von 1,,,Unbekannt,Unbekannt,Unbekannt,,,5.0,15.0,E,,,,,,,,Approved,file:///A:\___Projekte\10343432_2022 E115 SET WP Janneby Enercon GmbH (Tanja Stüttechen) ,,,229422
145,,,Stelle-Wittenwurth,SEN,Enercon,E115,10344901,SEN WP Stelle-Wittenw (229828),ARNJEN,2022-03-18,WindPlan Witthohn & Frauen GmbH & Co. KG,,WEA 1 von 1,,,Unbekannt,Unbekannt,Unbekannt,,,5.0,15.0,E,,,,,,,,Approved,file:///A:\___Projekte\10344901_2022 E115 SEN Stelle_Wittenwurth WindPlan () ,,,229828
146,,,WP Iselbek,SET,Enercon,E147 EP5 E2,10345272,SET EPS Iselbek (229482),ARNJEN,2022-03-23,ENERCON GmbH,Kristina Conrady,WEA 1 von 1,1470013,,Unbekannt,Unbekannt,Unbekannt,,,5.0,15.0,E,,,,,,,,Approved,file:///A:\___Projekte\10345272_2022 E147 EP5 E2 SET WP Iselbek Enercon GmbH (Kristina Conrady) ,,,229482
147,,,Salzgitter,SEN,Vestas,V136,10355430,SEN V136 Salzgitter (229014),JOPRZ,2022-04-01,Avacon Natur GmbH,Martin Sikorski,WEA 1 von 1,,,Unbekannt,Unbekannt,Unbekannt,,,5.0,15.0,E,,,,,,,,Approved,file:///A:\___Projekte\10355430_2022 V136 SEN Salzgitter Avacon Natur GmbH (Martin Sikorski) ,,,229014
148,,,Obere Arlau,SET,Vestas,EVENTUS,10360086,SET Obere Arlau (232560),ULMR,2022-04-21,Vestas Wind Systems A/S,NCN,WEA 1 von 3,,,Unbekannt,Unbekannt,Unbekannt,,,5.0,15.0,E,,,,,,,,Approved,file:///A:\___Projekte\10360086_2022 EVENTUS SET Obere Arlau Vestas DK (NCN) ,,,232560
149,,,Obere Arlau,SET,Vestas,EVENTUS,10360086,SET Obere Arlau (232560),ULMR,2022-04-21,Vestas Wind Systems A/S,NCN,WEA 2 von 3,,,Unbekannt,Unbekannt,Unbekannt,,,5.0,15.0,E,,,,,,,,Approved,file:///A:\___Projekte\10360086_2022 EVENTUS SET Obere Arlau Vestas DK (NCN) ,,,232560
150,,,Obere Arlau,SET,Vestas,EVENTUS,10360086,SET Obere Arlau (232560),ULMR,2022-04-21,Vestas Wind Systems A/S,NCN,WEA 3 von 3,,,Unbekannt,Unbekannt,Unbekannt,,,5.0,15.0,E,,,,,,,,Approved,file:///A:\___Projekte\10360086_2022 EVENTUS SET Obere Arlau Vestas DK (NCN) ,,,232560
151,,,Obere Arlau,SET,Vestas,EVENTUS,10360086,SET Obere Arlau (232560),ULMR,2022-04-21,Vestas Wind Systems A/S,NCN,WEA 1 von 2,,,Unbekannt,Unbekannt,Unbekannt,,,5.0,15.0,E,,,,,,,,Approved,file:///A:\___Projekte\10360086_2022 EVENTUS SET Obere Arlau Vestas DK (NCN) ,,,232560
152,,,Obere Arlau,SET,Vestas,EVENTUS,10360086,SET Obere Arlau (232560),ULMR,2022-04-21,Vestas Wind Systems A/S,NCN,WEA 2 von 2,,,Unbekannt,Unbekannt,Unbekannt,,,5.0,15.0,E,,,,,,,,Approved,file:///A:\___Projekte\10360086_2022 EVENTUS SET Obere Arlau Vestas DK (NCN) ,,,232560
153,,,Ruhlsdorf,SET,Vestas,EVENTUS,10360284,SET Ruhlsdorf (232552),JOPRZ,2022-04-21,Vestas Wind Systems A/S,NCN,WEA 1 von 1,,,Unbekannt,Unbekannt,Unbekannt,,,5.0,15.0,E,,,,,,,,Approved,file:///A:\___Projekte\10360284_2022 EVENTUS SET Ruhlsdorf Vestas DK (NCN) ,,,232552
154,,,WP Huje,SEN,Enercon,E126 EP3,10360292,SEN 126 EP3 Huje (230997),ANNJO,2022-04-21,ENERCON GmbH,Ilona Heidenreich,WEA 1 von 2,1250255,,Unbekannt,Unbekannt,Unbekannt,,,5.0,15.0,E,,,,,,,,Approved,file:///A:\___Projekte\10360292_2022 E126 EP3 SEN WP Huje Enercon GmbH (Ilona Heidenreich) ,,,230997
155,,,WP Huje,SEN,Enercon,E126 EP3,10360292,SEN 126 EP3 Huje (230997),ANNJO,2022-04-21,ENERCON GmbH,Ilona Heidenreich,WEA 2 von 2,1250257,,Unbekannt,Unbekannt,Unbekannt,,,5.0,15.0,E,,,,,,,,Approved,file:///A:\___Projekte\10360292_2022 E126 EP3 SEN WP Huje Enercon GmbH (Ilona Heidenreich) ,,,230997
156,,,Eichenhof,SEN,Enercon,E126,10362902,SEN WP Eichenhof E126 (229567),ULMR,2022-04-11,nttb GmbH,Jann Carstens,WEA 1 von 2,,,Unbekannt,Unbekannt,Unbekannt,,,5.0,15.0,E,,,,,,,,Approved,file:///A:\___Projekte\10362902_2022 E126 SEN Eichenhof nttb (Jann Carstens) ,,,229567
157,,,Eichenhof,SEN,Enercon,E126,10362902,SEN WP Eichenhof E126 (229567),ULMR,2022-04-11,nttb GmbH,Jann Carstens,WEA 2 von 2,,,Unbekannt,Unbekannt,Unbekannt,,,5.0,15.0,E,,,,,,,,Approved,file:///A:\___Projekte\10362902_2022 E126 SEN Eichenhof nttb (Jann Carstens) ,,,229567
158,,,WP Hoyerhagen,SEN,Enercon,E115,10362930,SEN Hoyershagen E-115 (232793),JOPRZ,2022-05-16,ENERCON GmbH,Sven Bigalke,WEA 1 von 2,,,Unbekannt,Unbekannt,Unbekannt,,,5.0,15.0,E,,,,,,,,Pending Close,file:///A:\___Projekte\10362930_2022 E115 SEN WP Hoyerhagen Enercon GmbH (Sven Bigalke) ,,,232793
159,,,WP Hoyerhagen,SEN,Enercon,E115,10362930,SEN Hoyershagen E-115 (232793),JOPRZ,2022-05-16,ENERCON GmbH,Sven Bigalke,WEA 2 von 2,,,Unbekannt,Unbekannt,Unbekannt,,,5.0,15.0,E,,,,,,,,Pending Close,file:///A:\___Projekte\10362930_2022 E115 SEN WP Hoyerhagen Enercon GmbH (Sven Bigalke) ,,,232793
160,,,WP Norderhamme Hollingstedt,SEN,Vestas,V150,10363104,SEN WP Nordhamme V150 (232607),ANNJO,2022-05-05,Windenergie Norderhamme GmbH & Co. KG,Simon Brälye,WEA 1 von 2,,,Unbekannt,Unbekannt,Unbekannt,,,5.0,15.0,E,,,,,,,,Approved,file:///A:\___Projekte\10363104_2022 V150 SEN WP Norderhamme Hollingstedt WES Ibs (Simon Brälye) ,,,232607
161,,,WP Norderhamme Hollingstedt,SEN,Vestas,V150,10363104,SEN WP Nordhamme V150 (232607),ANNJO,2022-05-05,Windenergie Norderhamme GmbH & Co. KG,Simon Brälye,WEA 2 von 2,,,Unbekannt,Unbekannt,Unbekannt,,,5.0,15.0,E,,,,,,,,Approved,file:///A:\___Projekte\10363104_2022 V150 SEN WP Norderhamme Hollingstedt WES Ibs (Simon Brälye) ,,,232607
162,,,Krumstedt,SEN,Enercon,E147,10363108,SEN Krumstedt 2xE147 (232777),ANNJO,2022-05-05,Windpark Krumstedter Viert GmbH & Co. KG,Simon Brälye,WEA 1 von 2,,,Unbekannt,Unbekannt,Unbekannt,,,5.0,15.0,E,,,,,,,,Approved,file:///A:\___Projekte\10363108_2022 E147 SEN Krumstedt WES Ibs (Simon Brälye) ,,,232777
163,,,Krumstedt,SEN,Enercon,E147,10363108,SEN Krumstedt 2xE147 (232777),ANNJO,2022-05-05,Windpark Krumstedter Viert GmbH & Co. KG,Simon Brälye,WEA 2 von 2,,,Unbekannt,Unbekannt,Unbekannt,,,5.0,15.0,E,,,,,,,,Approved,file:///A:\___Projekte\10363108_2022 E147 SEN Krumstedt WES Ibs (Simon Brälye) ,,,232777
164,,,WP Auras Süd,SEN,Vestas,V150,10363115,SEN Auras Süd V150 (230512),ANNJO,2022-05-13,UGE Schorbus Zwei GmbH & Co. KG Umweltgerechte Energie,Paul Radons,WEA 1 von 1,,,Unbekannt,Unbekannt,Unbekannt,,,5.0,15.0,E,,,,,,,,Approved,file:///A:\___Projekte\10363115_2022 V150 SEN WP Auras Süd UGE Schorbus Zwei GmbH (Paul Radons) ,,,230512
165,,,Mühlenfließ,SEN,Enercon,E138 EP3 E2,10365134,SEN E-138 Mühlenf. (232943),ANNJO,2022-05-19,ENERTRAG SE,Jonas Armbröster,WEA 1 von 2,,,Unbekannt,Unbekannt,Unbekannt,,,5.0,15.0,E,,,,,,,,Approved,file:///A:\___Projekte\10365134_2022 E138 EP3 E2 SEN Mühlenfließ ENERTRAG AG (Jonas Armbröster) ,,,232943
166,,,Mühlenfließ,SEN,Enercon,E138 EP3 E2,10365134,SEN E-138 Mühlenf. (232943),ANNJO,2022-05-19,ENERTRAG SE,Jonas Armbröster,WEA 2 von 2,,,Unbekannt,Unbekannt,Unbekannt,,,5.0,15.0,E,,,,,,,,Approved,file:///A:\___Projekte\10365134_2022 E138 EP3 E2 SEN Mühlenfließ ENERTRAG AG (Jonas Armbröster) ,,,232943
167,,,Reußenköge,SEN,Vestas,V112,10365384,SEN V112 Reußenk. (234083),RICFRE,2022-06-01,Vestas Deutschland GmbH,Helge Schnehle,WEA 1 von 1,V214129,,Unbekannt,Unbekannt,Unbekannt,,,5.0,15.0,E,,,,,,,,Approved,file:///A:\___Projekte\10365384_2022 V112 SEN Reußenköge Vestas DE (Helge Schnehle) ,,,234083
168,,,Schrepkow,SEN,GE,5.5-158 3.8-130,10365385,SEN GE Schrepkow (233520),IACRUZ,2022-06-01,GE Wind Energy GmbH,Björn Schierenbeck,WEA 1 von 4,,,Unbekannt,Unbekannt,Unbekannt,,,5.0,15.0,E,,,,,,,,Approved,file:///A:\___Projekte\10365385_2022 55_158 38_130 SEN Schrepkow GE Wind Energy (Björn Schierenbeck) ,,,233520
169,,,Schrepkow,SEN,GE,5.5-158 3.8-130,10365385,SEN GE Schrepkow (233520),IACRUZ,2022-06-01,GE Wind Energy GmbH,Björn Schierenbeck,WEA 2 von 4,,,Unbekannt,Unbekannt,Unbekannt,,,5.0,15.0,E,,,,,,,,Approved,file:///A:\___Projekte\10365385_2022 55_158 38_130 SEN Schrepkow GE Wind Energy (Björn Schierenbeck) ,,,233520
170,,,Schrepkow,SEN,GE,5.5-158 3.8-130,10365385,SEN GE Schrepkow (233520),IACRUZ,2022-06-01,GE Wind Energy GmbH,Björn Schierenbeck,WEA 3 von 4,,,Unbekannt,Unbekannt,Unbekannt,,,5.0,15.0,E,,,,,,,,Approved,file:///A:\___Projekte\10365385_2022 55_158 38_130 SEN Schrepkow GE Wind Energy (Björn Schierenbeck) ,,,233520
171,,,Schrepkow,SEN,GE,5.5-158 3.8-130,10365385,SEN GE Schrepkow (233520),IACRUZ,2022-06-01,GE Wind Energy GmbH,Björn Schierenbeck,WEA 4 von 4,,,Unbekannt,Unbekannt,Unbekannt,,,5.0,15.0,E,,,,,,,,Approved,file:///A:\___Projekte\10365385_2022 55_158 38_130 SEN Schrepkow GE Wind Energy (Björn Schierenbeck) ,,,233520
172,,,Seelow-Gusow,SEN,Vestas,V150 5.6,10365480,SEN V150 Seelow-Gusow (230518),IACRUZ,2022-05-31,UGE Gusow GmbH & Co. KG Umweltgerechte Energie,Paul Radons,WEA 1 von 1,,,Unbekannt,Unbekannt,Unbekannt,,,5.0,15.0,E,,,,,,,,Approved,file:///A:\___Projekte\10365480_2022 V150 56 SEN Seelow_Gusow UGE (Paul Radons) ,,,230518
173,,,WP Sitten,SEN,Vestas,V150,10366612,SEN V150 WP Sitten (234266),FELPLA,2022-06-08,Windpark Sitten GmbH & Co. KG,Imke Odrich,WEA 1 von 2,,,Unbekannt,Unbekannt,Unbekannt,,,5.0,15.0,E,,,,,,,,Approved,file:///A:\___Projekte\10366612_2022 V150 SEN WP Sitten Windpark Sitten GmbH (Imke Odrich) ,,,234266
174,,,WP Sitten,SEN,Vestas,V150,10366612,SEN V150 WP Sitten (234266),FELPLA,2022-06-08,Windpark Sitten GmbH & Co. KG,Imke Odrich,WEA 2 von 2,,,Unbekannt,Unbekannt,Unbekannt,,,5.0,15.0,E,,,,,,,,Approved,file:///A:\___Projekte\10366612_2022 V150 SEN WP Sitten Windpark Sitten GmbH (Imke Odrich) ,,,234266
175,,,Goldelund,SEN,Enercon,E70,10367152,SEN E70 Goldelund (234247),RICFRE,2022-06-13,ENERCON GmbH,Julia Langner,WEA 1 von 1,784342,,Unbekannt,Unbekannt,Unbekannt,,,5.0,15.0,E,,,,,,,,Approved,file:///A:\___Projekte\10367152_2022 E70 SEN Goldelund Enercon GmbH (Julia Langner) ,,,234247
176,,,Beesenberg,SEN,Vestas,EVENTUS,10367726,SEN Vestas Eventus Beesenberg (234861),FELPLA,2022-06-21,Vestas Wind Systems A/S,NCN,WEA 1 von 1,,,Unbekannt,Unbekannt,Unbekannt,,,5.0,15.0,E,,,,,,,,Approved,file:///A:\___Projekte\10367726_2022 EVENTUS SEN Beesenberg Vestas DK (NCN) ,,,234861
177,,,Mattheshöhe,SET,GE,GE 3.6-137,10367972,SET GE 3.6 Matthes. (234030),FELPLA,2022-06-23,GE Wind Energy GmbH,Julia Klitz,WEA 1 von 2,53209608,,Unbekannt,Unbekannt,Unbekannt,,,5.0,15.0,E,,,,,,,,Pending Close,file:///A:\___Projekte\10367972_2022 GE 36_137 SET Mattheshoehe GE Wind Energy GmbH (Julia Klitz) ,,,234030
178,,,Mattheshöhe,SET,GE,GE 3.6-137,10367972,SET GE 3.6 Matthes. (234030),FELPLA,2022-06-23,GE Wind Energy GmbH,Julia Klitz,WEA 2 von 2,53209609,,Unbekannt,Unbekannt,Unbekannt,,,5.0,15.0,E,,,,,,,,Pending Close,file:///A:\___Projekte\10367972_2022 GE 36_137 SET Mattheshoehe GE Wind Energy GmbH (Julia Klitz) ,,,234030
179,,,Heiligengrabe,SEN,Enercon,E103,10369063,SEN Heiligengrabe (234690),IACRUZ,2022-06-28,ENERCON GmbH,Mirko Martens,WEA 1 von 1,ZB01,,Nein,Nein,Ja,103,,5.0,15.0,E,,,,,,,,Approved,file:///C:\_Projects\10369063_2022 E103 SEN Heiligengrabe Mirko Martens (Mirko Martens) ,,,234690
180,,,Hüllerupfeld,SEN,Enercon,E115,10369699,SEN Hüllerupfeld (235166),ULMR,1905-07-14,Windpark Hüllerup-Feld UG (haftungsbeschränkt) & Co. KG,Thurid,WEA 1 von 1,,,Nein,Nein,Nein,n,,5.0,15.0,E,,,,,,,,Approved,file:///A:\___Projekte\10369699_2022 E115 SEN Hüllerupfeld Thurid (Thurid) ,,,235166
181,,,Mühlenberg,SEN,Enercon,N117,10369703,SEN N117 WP Mühlenberg III NTTB (235165),ULMR,2022-06-28,Windpark Mühlenberg GmbH & Co. KG,Thurid,WEA 1 von 1,,,Nein,Nein,Nein,,,5.0,15.0,E,,,,,,,,Approved,file:///A:\___Projekte\10369703_2022 N117 SEN Mühlenberg NTTB (Thurid) ,,,235165
182,,,WP Neuenkirchen,SEN,Enercon,E126,10371136,SEN E126 WP Neuenk. (235801),ANNJO,2022-07-21,Bürgerwindpark Neuenkirchen UG (haftungsbeschränkt) & Co. KG,Simon Brälye,WEA 1 von 1,,,Unbekannt,Unbekannt,Unbekannt,,,5.0,15.0,E,,,,,,,,Approved,file:///A:\___Projekte\10371136_2022 E126 SEN WP Neuenkirchen BWP Neuenkirchen (Simon Brälye) ,,,235801
183,,,WP Ottenbüttel,LZM,,,10371503,LZM Ottenbüttel (230357),ULFKOC,2022-07-22,PROKON Regenerative Energien eG,Christian Weiß,WEA 1 von 1,,,Unbekannt,Unbekannt,Unbekannt,,,5.0,15.0,E,,,,,,,,Pending Close,file:///A:\___Projekte\10371503_2022  LZM WP Ottenbüttel PROKON (Christian Weiß) ,,,230357
184,,,Südermarsch,SEN,Enercon,E115,10371874,SEN Südermarsch II (235210),FELPLA,2022-07-28,Bürgerwind Südermarsch II GmbH & Co. KG,Thurid Kuhk,WEA 1 von 2,,,Unbekannt,Unbekannt,Unbekannt,,,5.0,15.0,E,,,,,,,,Approved,file:///A:\___Projekte\10371874_2022 E115 SEN Südermarsch nttb (Thurid Kuhk) ,,,235210
185,,,Südermarsch,SEN,Enercon,E115,10371874,SEN Südermarsch II (235210),FELPLA,2022-07-28,Bürgerwind Südermarsch II GmbH & Co. KG,Thurid Kuhk,WEA 2 von 2,,,Unbekannt,Unbekannt,Unbekannt,,,5.0,15.0,E,,,,,,,,Approved,file:///A:\___Projekte\10371874_2022 E115 SEN Südermarsch nttb (Thurid Kuhk) ,,,235210
186,,,WP Trennewurth,SEN,Senvion,MM82,10372412,SEN MM82 Trennewurth (236516),ARNJEN,2022-08-01,Trennewurth Warftwind GmbH & Co. KG,Eric Breuer,WEA 1 von 1,,,Unbekannt,Unbekannt,Unbekannt,,,5.0,15.0,E,,,,,,,,Approved,file:///A:\___Projekte\10372412_2022 MM82 SEN WP Trennewurth Umwelt Management AG (Eric Breuer) ,,,236516
187,,,Lasbek Barkhorst,SEN,Vestas,V126,10372421,SEN Lasbek 236506 (236506),FELPLA,2022-08-04,Vestas Deutschland GmbH,Helge Schnehle,WEA 1 von 1,V231228,,Unbekannt,Unbekannt,Unbekannt,,,5.0,15.0,E,,,,,,,,Approved,file:///A:\___Projekte\10372421_2022 V126 SEN Lasbek Barkhorst Vestas D (Helge Schnehle) ,,,236506
188,,,Fri.Ko.,SEN,Enercon,E115,10373627,SEN Friedrichskoog (236826),ARNJEN,2022-08-11,WES IBS Betriebsführungs- und Verwaltungs GmbH,Jan Heckens,WEA 1 von 1,,,Unbekannt,Unbekannt,Unbekannt,,,5.0,15.0,E,,,,,,,,Approved,file:///A:\___Projekte\10373627_2022 E115 SEN FriKo WES Ibs (Jan Heckens) ,,,236826
189,,,Wölsickendorf,SEN,GE,5.3-158,10373629,SEN GE Wölsickendorf (236767),IACRUZ,2022-08-10,GE Wind Energy GmbH,Björn Schierenbeck,WEA 1 von 2,,,Unbekannt,Unbekannt,Unbekannt,,,5.0,15.0,E,,,,,,,,Approved,file:///A:\___Projekte\10373629_2022 53_158 SEN Wölsickendorf GE (Björn Schierenbeck) ,,,236767
190,,,Wölsickendorf,SEN,GE,5.3-158,10373629,SEN GE Wölsickendorf (236767),IACRUZ,2022-08-10,GE Wind Energy GmbH,Björn Schierenbeck,WEA 2 von 2,,,Unbekannt,Unbekannt,Unbekannt,,,5.0,15.0,E,,,,,,,,Approved,file:///A:\___Projekte\10373629_2022 53_158 SEN Wölsickendorf GE (Björn Schierenbeck) ,,,236767
191,,,WP Schrepkow,SEN,GE,5.5-158,10375081,SEN WP Schrepkow Green Wind (234679),IACRUZ,2022-08-18,Green Wind Energy GmbH,Maximilian Horn,WEA 1 von 2,,,Unbekannt,Unbekannt,Unbekannt,,,5.0,15.0,E,,,,,,,,Approved,file:///A:\___Projekte\10375081_2022 55_158 SEN WP Schrepkow Green Wind Energy (Maximilian Horn) ,,,234679
192,,,WP Schrepkow,SEN,GE,5.5-158,10375081,SEN WP Schrepkow Green Wind (234679),IACRUZ,2022-08-18,Green Wind Energy GmbH,Maximilian Horn,WEA 2 von 2,,,Unbekannt,Unbekannt,Unbekannt,,,5.0,15.0,E,,,,,,,,Approved,file:///A:\___Projekte\10375081_2022 55_158 SEN WP Schrepkow Green Wind Energy (Maximilian Horn) ,,,234679
193,,,WP Gudendorf I,SEN,Vestas,V162,10375376,SEN V162 Gudendorf (237049),ANNJO,2022-08-22,Windpark Gudendorf I GmbH & Co. KG,Jan Heckens,WEA 1 von 5,,,Unbekannt,Unbekannt,Unbekannt,,,5.0,15.0,E,,,,,,,,Approved,file:///A:\___Projekte\10375376_2022 V162 SEN WP Gudendorf I WES Ibs (Jan Heckens) ,,,237049
194,,,WP Gudendorf I,SEN,Vestas,V162,10375376,SEN V162 Gudendorf (237049),ANNJO,2022-08-22,Windpark Gudendorf I GmbH & Co. KG,Jan Heckens,WEA 2 von 5,,,Unbekannt,Unbekannt,Unbekannt,,,5.0,15.0,E,,,,,,,,Approved,file:///A:\___Projekte\10375376_2022 V162 SEN WP Gudendorf I WES Ibs (Jan Heckens) ,,,237049
195,,,WP Gudendorf I,SEN,Vestas,V162,10375376,SEN V162 Gudendorf (237049),ANNJO,2022-08-22,Windpark Gudendorf I GmbH & Co. KG,Jan Heckens,WEA 3 von 5,,,Unbekannt,Unbekannt,Unbekannt,,,5.0,15.0,E,,,,,,,,Approved,file:///A:\___Projekte\10375376_2022 V162 SEN WP Gudendorf I WES Ibs (Jan Heckens) ,,,237049
196,,,WP Gudendorf I,SEN,Vestas,V162,10375376,SEN V162 Gudendorf (237049),ANNJO,2022-08-22,Windpark Gudendorf I GmbH & Co. KG,Jan Heckens,WEA 4 von 5,,,Unbekannt,Unbekannt,Unbekannt,,,5.0,15.0,E,,,,,,,,Approved,file:///A:\___Projekte\10375376_2022 V162 SEN WP Gudendorf I WES Ibs (Jan Heckens) ,,,237049
197,,,WP Gudendorf I,SEN,Vestas,V162,10375376,SEN V162 Gudendorf (237049),ANNJO,2022-08-22,Windpark Gudendorf I GmbH & Co. KG,Jan Heckens,WEA 5 von 5,,,Unbekannt,Unbekannt,Unbekannt,,,5.0,15.0,E,,,,,,,,Approved,file:///A:\___Projekte\10375376_2022 V162 SEN WP Gudendorf I WES Ibs (Jan Heckens) ,,,237049
198,,,Vouillon,SET,Vestas,V126-3.45,10377290,SET 2 V126 France (234655),FELPLA,2022-08-31,Vestas France S.A.S.,Andres Alfonso Lopez Lozada,WEA 1 von 2,V223247,,Ja,Ja,Nein,SO11,,5.0,15.0,E,,,,4 verschiedene Settings + Baseline,,,,Approved,file:///A:\___Projekte\10377290_2022 V126_345 SET Vouillon Vestas France (Andres Alfonso Lopez Lozada) ,,,234655
199,,,Vouillon,SET,Vestas,V126-3.45,10377290,SET 2 V126 France (234655),FELPLA,2022-08-31,Vestas France S.A.S.,Andres Alfonso Lopez Lozada,WEA 2 von 2,V223252,,Ja,Ja,Nein,SO11,,5.0,15.0,E,,,,4 verschiedene Settings + Baseline,,,,Approved,file:///A:\___Projekte\10377290_2022 V126_345 SET Vouillon Vestas France (Andres Alfonso Lopez Lozada) ,,,234655
200,,,WP Jerrishoe,SEN,Senvion,3.2M114,10377886,SEN 3.2m114 Jerrishoe (235288),RICFRE,2022-09-05,WP Jerrishoe Pooling GmbH & CO. KG,Franz-Josef Lübbert zur Lage,WEA 1 von 5,,,Unbekannt,Unbekannt,Unbekannt,,,5.0,15.0,E,,,,,,,,Approved,file:///A:\___Projekte\10377886_2022 32M114 SEN WP Jerrishoe WP Jerrishoe Pooling GmbH (Franz_Josef Lübbert zur Lage) ,,,235288
201,,,WP Jerrishoe,SEN,Senvion,3.2M114,10377886,SEN 3.2m114 Jerrishoe (235288),RICFRE,2022-09-05,WP Jerrishoe Pooling GmbH & CO. KG,Franz-Josef Lübbert zur Lage,WEA 2 von 5,,,Unbekannt,Unbekannt,Unbekannt,,,5.0,15.0,E,,,,,,,,Approved,file:///A:\___Projekte\10377886_2022 32M114 SEN WP Jerrishoe WP Jerrishoe Pooling GmbH (Franz_Josef Lübbert zur Lage) ,,,235288
202,,,WP Jerrishoe,SEN,Senvion,3.2M114,10377886,SEN 3.2m114 Jerrishoe (235288),RICFRE,2022-09-05,WP Jerrishoe Pooling GmbH & CO. KG,Franz-Josef Lübbert zur Lage,WEA 3 von 5,,,Unbekannt,Unbekannt,Unbekannt,,,5.0,15.0,E,,,,,,,,Approved,file:///A:\___Projekte\10377886_2022 32M114 SEN WP Jerrishoe WP Jerrishoe Pooling GmbH (Franz_Josef Lübbert zur Lage) ,,,235288
203,,,WP Jerrishoe,SEN,Senvion,3.2M114,10377886,SEN 3.2m114 Jerrishoe (235288),RICFRE,2022-09-05,WP Jerrishoe Pooling GmbH & CO. KG,Franz-Josef Lübbert zur Lage,WEA 4 von 5,,,Unbekannt,Unbekannt,Unbekannt,,,5.0,15.0,E,,,,,,,,Approved,file:///A:\___Projekte\10377886_2022 32M114 SEN WP Jerrishoe WP Jerrishoe Pooling GmbH (Franz_Josef Lübbert zur Lage) ,,,235288
204,,,WP Jerrishoe,SEN,Senvion,3.2M114,10377886,SEN 3.2m114 Jerrishoe (235288),RICFRE,2022-09-05,WP Jerrishoe Pooling GmbH & CO. KG,Franz-Josef Lübbert zur Lage,WEA 5 von 5,,,Unbekannt,Unbekannt,Unbekannt,,,5.0,15.0,E,,,,,,,,Approved,file:///A:\___Projekte\10377886_2022 32M114 SEN WP Jerrishoe WP Jerrishoe Pooling GmbH (Franz_Josef Lübbert zur Lage) ,,,235288
205,,,WP Süderdorf,SEN,Vestas,V126,10379099,SEN V126 BWP Eider (230353),ULFKOC,2022-09-09,Bürgerwindpark Eider GmbH & Co. KG,Jan Heckens,WEA 1 von 1,,,Unbekannt,Unbekannt,Unbekannt,,,5.0,15.0,E,,,,,,,,Approved,file:///A:\___Projekte\10379099_2022 V126 SEN WP Süderdorf WES Ibs (Jan Heckens) ,,,230353
206,,,WP Hägen,SEN,Vestas,V150,10379103,SEN V150 BWP Hägen (230354),ULFKOC,2022-09-09,Bürgerwindpark Hägen GmbH & Co. KG,Jan Heckens,WEA 1 von 1,,,Unbekannt,Unbekannt,Unbekannt,,,5.0,15.0,E,,,,,,,,Approved,file:///A:\___Projekte\10379103_2022 V150 SEN WP Hägen WES Ibs (Jan Heckens) ,,,230354
207,,,WP Norstedt,SEN,Enercon,E-138,10380285,SEN E-138 Norstedt (238389),ULMR,2022-09-27,Bürgerwindpark Norstedt-Ohlandt GmbH & Co. KG,Thurid Kuhk,WEA 1 von 1,,,Unbekannt,Unbekannt,Unbekannt,,,5.0,15.0,E,,,,,,,,Approved,file:///A:\___Projekte\10380285_2022 E_138 SEN WP Norstedt BWP Norstedt Ohlandt (Thurid Kuhk) ,,,238389
208,,,WP Swatte Poele,SIM,Enercon,E126,10380615,SIM E-126 Swatte P. (237888),PHISCH,2022-09-13,Windpark Swatte Poele Invest GmbH & Co. KG,Marcel Homann,WEA 1 von 5,,,Unbekannt,Unbekannt,Unbekannt,,,5.0,15.0,E,,,,,,,,Approved,file:///A:\___Projekte\10380615_2022 E126 SIM WP Swatte Poele Heliotec (Marcel Homann) ,,,237888
209,,,WP Swatte Poele,SIM,Enercon,E126,10380615,SIM E-126 Swatte P. (237888),PHISCH,2022-09-13,Windpark Swatte Poele Invest GmbH & Co. KG,Marcel Homann,WEA 2 von 5,,,Unbekannt,Unbekannt,Unbekannt,,,5.0,15.0,E,,,,,,,,Approved,file:///A:\___Projekte\10380615_2022 E126 SIM WP Swatte Poele Heliotec (Marcel Homann) ,,,237888
210,,,WP Swatte Poele,SIM,Enercon,E126,10380615,SIM E-126 Swatte P. (237888),PHISCH,2022-09-13,Windpark Swatte Poele Invest GmbH & Co. KG,Marcel Homann,WEA 3 von 5,,,Unbekannt,Unbekannt,Unbekannt,,,5.0,15.0,E,,,,,,,,Approved,file:///A:\___Projekte\10380615_2022 E126 SIM WP Swatte Poele Heliotec (Marcel Homann) ,,,237888
211,,,WP Swatte Poele,SIM,Enercon,E126,10380615,SIM E-126 Swatte P. (237888),PHISCH,2022-09-13,Windpark Swatte Poele Invest GmbH & Co. KG,Marcel Homann,WEA 4 von 5,,,Unbekannt,Unbekannt,Unbekannt,,,5.0,15.0,E,,,,,,,,Approved,file:///A:\___Projekte\10380615_2022 E126 SIM WP Swatte Poele Heliotec (Marcel Homann) ,,,237888
212,,,WP Swatte Poele,SIM,Enercon,E126,10380615,SIM E-126 Swatte P. (237888),PHISCH,2022-09-13,Windpark Swatte Poele Invest GmbH & Co. KG,Marcel Homann,WEA 5 von 5,,,Unbekannt,Unbekannt,Unbekannt,,,5.0,15.0,E,,,,,,,,Approved,file:///A:\___Projekte\10380615_2022 E126 SIM WP Swatte Poele Heliotec (Marcel Homann) ,,,237888
213,,,Dahme-Wahlsdorf,SEM,GE,,10381946,SEN GE Dahme-Wahls (238452),FELPLA,2022-09-27,GE Wind Energy GmbH,Björn Schierenbeck,WEA 1 von 1,5648430,,Unbekannt,Unbekannt,Unbekannt,,,5.0,15.0,E,,,,,,,,Approved,file:///A:\___Projekte\10381946_2022  SEM Dahme_Wahlsdorf GE Wind Energy (Björn Schierenbeck) ,,,238452
214,,,Österwurth,SEN,Enercon,E115,10381950,SEN Oesterwurth E115 (238765),ANNJO,2022-09-29,WKA Scheld GmbH & Co. KG,Jan Heckens,WEA 1 von 1,,,Unbekannt,Unbekannt,Unbekannt,,,5.0,15.0,E,,,,,,,,Approved,file:///A:\___Projekte\10381950_2022 E115 SEN Österwurth WES Ibs (Jan Heckens) ,,,238765
215,,,Corme,SET,SGRE,G114,10382318,SEN SGRE Corme ES (235875),IACRUZ,2022-09-22,"EDP Renovables España, S.L.U.",Begona Arechaga,WEA 1 von 2,,,Nein,Nein,Nein,,,5.0,15.0,E,,,,,,,,Approved,file:///C:\_Projects\10382318_2022 G114 SET Corme EDP (Begona Arechaga) ,,,235875
216,,,Corme,SET,SGRE,G114,10382318,SEN SGRE Corme ES (235875),IACRUZ,2022-09-22,"EDP Renovables España, S.L.U.",Begona Arechaga,WEA 2 von 2,,,Nein,Nein,Nein,,,5.0,15.0,E,,,,,,,,Approved,file:///C:\_Projects\10382318_2022 G114 SET Corme EDP (Begona Arechaga) ,,,235875
217,,,Wohlsdorf,SEN,Vestas,V150,10382385,SEN Wohlsdorf (239150),JOPRZ,2022-10-06,Windpark Wohlsdorf GmbH & Co. KG,Paul Meyer REON,WEA 1 von 1,,,Unbekannt,Unbekannt,Unbekannt,,,5.0,15.0,E,,,,,,,,Approved,file:///A:\___Projekte\10382385_2022 V150 SEN Wohlsdorf Windpark Wohlsdorf GmbH und Co KG (Paul Meyer REON) ,,,239150
218,,,Hemme,SEN,Enercon,E82,10382953,SEN E-82 Hemme (238825),ANNJO,,ENERCON GmbH,Enercon,WEA 1 von 1,825702,,Nein,Nein,Nein,,,5.0,15.0,E,,,,,,,,Approved,file:///A:\___Projekte\10382953_2022 E82 SEN Hemme Sven Bigalke (Enercon) ,,,238825
219,,,Bramsche,SEN,Senvion,3.4M,10384183,SEN Bramsche SEN3.0 (239569),JOPRZ,2022-10-17,4initia GmbH,Serkan Yetiskin,WEA 1 von 3,,,Unbekannt,Unbekannt,Unbekannt,,,5.0,15.0,E,,,,,,,,Final Billing,file:///A:\___Projekte\10384183_2022 34M SEN Bramsche 4Initia (Serkan Yetiskin) ,,,239569
220,,,Bramsche,SEN,Senvion,3.4M,10384183,SEN Bramsche SEN3.0 (239569),JOPRZ,2022-10-17,4initia GmbH,Serkan Yetiskin,WEA 2 von 3,,,Unbekannt,Unbekannt,Unbekannt,,,5.0,15.0,E,,,,,,,,Final Billing,file:///A:\___Projekte\10384183_2022 34M SEN Bramsche 4Initia (Serkan Yetiskin) ,,,239569
221,,,Bramsche,SEN,Senvion,3.4M,10384183,SEN Bramsche SEN3.0 (239569),JOPRZ,2022-10-17,4initia GmbH,Serkan Yetiskin,WEA 3 von 3,,,Unbekannt,Unbekannt,Unbekannt,,,5.0,15.0,E,,,,,,,,Final Billing,file:///A:\___Projekte\10384183_2022 34M SEN Bramsche 4Initia (Serkan Yetiskin) ,,,239569
222,,,Schoenfeld,SEN,Vestas,V136,10384188,SEN V136 Schönfeld (238874),ANNJO,,ENERTRAG SE,Jonas Armbroester,WEA 1 von 1,,,Nein,Nein,Ja,,,5.0,15.0,E,,,,,,,,Approved,file:///A:\___Projekte\10384188_2022 V136 SEN Schoenfeld Enertrag SE (Jonas Armbroester) ,,,238874
223,,,Heckelberg,SEN,Senvion,3.6M140,10384523,SEN Heckelberg Notus (239625),ANNJO,,Notus energy Plan GmbH & Co. KG,Paula Kock,WEA 1 von 1,WEA03,,Nein,Nein,Ja,1740kW,,5.0,15.0,E,,,,,,,,Approved,file:///A:\___Projekte\10384523_2022 36M140 SEN Heckelberg Notus (Paula Kock) ,,,239625
224,,,WP Krevese,SEN,Vestas,V150,10384592,SEN V150 WP Krevese (228851),IACRUZ,2022-10-25,Eurowind Energy GmbH,Federico Alcalde Burella,WEA 1 von 1,,,Unbekannt,Unbekannt,Unbekannt,,,5.0,15.0,E,,,,,,,,Approved,file:///A:\___Projekte\10384592_2022 V150 SEN WP Krevese Eurowind (Federico Alcalde Burella) ,,,228851
225,,,Neuenkirchen,SET,Enercon,E-115,10385705,SEN E115 Neuenk. (237496),ANNJO,,ENERCON GmbH,Sven Bigalke,WEA 1 von 1,,,Nein,Nein,Nein,,,5.0,15.0,E,,,,,,,,Pending Close,file:///A:\___Projekte\10385705_2022 E_115 SET Neuenkirchen Enercon (Sven Bigalke) ,,,237496
226,,,Dammfleth,SEN,Vestas,V136,10385875,SEN 2V136 Dammfleth (228853),IACRUZ,,Windpark Rothenmeer GmbH & Co. KG,Federico_Alcalde_Burella,,,,,,,,,5.0,15.0,E,,,,,,,,Approved,,,,228853
227,,,Dammfleth,SEN,Vestas,V136,10385875,SEN 2V136 Dammfleth (228853),IACRUZ,,Windpark Rothenmeer GmbH & Co. KG,Federico_Alcalde_Burella,,,,,,,,,5.0,15.0,E,,,,,,,,Approved,,,,228853
228,,,Tensbüttel,SEN,Vestas,V150,10385877,SEN V150 Tensb. (240478),ANNJO,,Looft-Schmidt GmbH & Co. 3. Betriebs KG,Thurid_Kuhk,,,,,,,,,5.0,15.0,E,,,,,,,,Approved,,,,240478
229,,,Lohe,SEN,Vestas,V150,10385878,SEN V150 WP Lohe (240477),ANNJO,,Looft-Schmidt GmbH & Co. 4.Betriebs KG,Thurid_Kuhk,,,,,,,,,5.0,15.0,E,,,,,,,,Approved,,,,240477
230,,,Wunderberg,SEN,Vestas,V126,10387490,SEN V126 Wunderberg (240502),PHISCH,,wpd windmanager GmbH & Co. KG,Margot_Petersen_Jaenicke,,,,,,,,,5.0,15.0,E,,,,,,,,Approved,,,,240502
231,,,,DMB,Enercon,,10387976,DMB E-138 NR 6 (241085),ANNJO,,ENERCON GmbH,Nils_Noffke,,,,,,,,,5.0,15.0,E,,,,,,,,Pending Close,,,,241085
232,,,Wieringermeer/NL,SET,Vensys,VS115,10388155,SET VS115 Wieringerm (239133),PHISCH,,VENSYS Energy AG,Dennis_Vollberg,,,,,,,,,5.0,15.0,E,,,,,,,,Approved,,,,239133
233,,,Blauw,SET,Vestas,V162,10388737,SET V162 Blauw (240702),PHISCH,,Vestas Benelux B.V.,NCN,,,,,,,,,5.0,15.0,E,,,,,,,,Approved,,,,240702
234,,,Könau (Wrestedt),SEN,GE,5.5,10390135,SEN Wrestedt 4 initia (238291),FELPLA,,JWE Bürgerwindpark Könau-Ostedt-Suhlendorf GmbH & Co. KG,Serkan_Yetiskin,,,,,,,,,5.0,15.0,E,,,,,,,,Approved,,,,238291
235,,,Reußenköge,SEN,Vestas,V112,10390714,SEN V112 Reußenk. (241926),RICFRE,,Vestas Deutschland GmbH,Jannika_Binder,,,,,,,,,5.0,15.0,E,,,,,,,,Approved,,,,241926
236,,,Beldorf,SIP SWP,,,10391052,SIP SWP BWP Beldorf (242079),JORDED,,Bürgerwindpark Beldorf GmbH & Co. KG,Grit_Awiszus,,,,,,,,,5.0,15.0,E,,,,,,,,Approved,,,,242079
237,,,Wrohm-Osterrade,SIP SWP,,,10391056,SIP SWP Wrohm-Osterr. (242081),JORDED,,Bürgerwindpark Wrohm- Osterrade GmbH & Co. KG,Grit_Awiszus,,,,,,,,,5.0,15.0,E,,,,,,,,Approved,,,,242081
238,,,,SIP SWP,German Sustainables,GS-1000 NT,10392418,SIP SWP GS-1000 NT (242119),JORDED,,German Sustainables Gesellschaft für erneuerbare Energiesysteme m.b.H,Hans_Jürgen_Brandt,,,,,,,,,5.0,15.0,E,,,,,,,,Approved,,,,242119
239,,,Jettenbach,SEN,Enercon,,10392419,SEN E-138 Jettenbach (242310),IACRUZ,,ENERCON GmbH,Mirko_Martens,,,,,,,,,5.0,15.0,E,,,,,,,,Approved,,,,242310
240,,,Fehmarn,SIP SWP,,,10392420,SIP SWP Fehmarn II (242077),JORDED,,Windpark Fehmarn-Mitte II GmbH & Co. KG,Hendrik_Kattau,,,,,,,,,5.0,15.0,E,,,,,,,,Approved,,,,242077
241,,,Hämelhausen,SEN,Vestas,V126,10392511,SEN Hämelhausen V126 (235267),JOPRZ,,Vestas Deutschland GmbH,Raphael_Springmann,,,,,,,,,5.0,15.0,E,,,,,,,,Approved,,,,235267
242,,,Wieringermeer/NL,SON,Vensys,VS115,10393498,SON Infraschall Ven. (242592),ULFKOC,,VENSYS Energy AG,Torsten_Sigmund,,,,,,,,,5.0,15.0,E,,,,,,,,Approved,,,,242592
